Workbook
Name CASE: [1]코드!$K$35:$K$41
Name DBMS: [1]코드!$G$35:$G$49
Name EndUser: [1]코드!$D$35:$D$39
Name HW: [1]코드!$I$35:$I$59
Name Language: [1]코드!$J$35:$J$61
Name LType: [1]코드!$M$35:$M$37
Name MW: [1]코드!$H$35:$H$49
Name OS: [1]코드!$F$35:$F$42
Name Platform: [1]코드!$L$35:$L$37
Name 개발형태: [1]코드!$C$2:$C$7
Name 계약방식: [1]코드!$A$2:$A$10
Name 계약형태: [1]코드!$H$2:$H$4
Name 낙찰구분: [1]코드!$B$2:$B$5
Name 방법론: [1]코드!$E$35:$E$51
Name 사업부: [1]코드!$J$2:$J$7
Name 서비스영역: [1]코드!$K$2:$K$13
Name 업종: [1]코드!$D$2:$D$9
Name 업종상세: [1]코드!$E$2:$E$32
Name 적용사이트: [1]코드!$C$35:$C$38
Name 전략프로젝트: [1]코드!$G$2:$G$3
Name 프로덕트유형: [1]코드!$B$35:$B$39
Name 프로덕트타입: [1]코드!$A$35:$A$49
Name 프로젝트단계: [1]코드!$F$2:$F$7

Sheet 표지
B25: 프로젝트 | D25: ABC-MART 온라인 쇼핑몰 2.0 구축
B26: 작성자 | D26: 박주희 차장 | F26: 작성일 | H26: 43627
B27: 승인자 | F27: 승인일

Sheet 개정이력
B6: 제.개정 이력
B8: 버전 | C8: 제.개정일자 | D8: 제.개정내용 | H8: 작성자
B9: 0.1 | C9: 43604 | D9: 초안 작성 | H9: 박주희
B10: 0.2 | C10: 43627 | D10: 수정/보완 | H10: 조영진

Sheet 헤더
A1: 통합테스트 시나리오 및 결과서
B2: 프로젝트 | C2: ABC-MART 온라인 쇼핑몰 2.0 구축 | E2: 단계 | F2: 테스트
B3: 작성자 | C3: 박주희 차장 | E3: 작성일 | F3: 43627

Sheet 결과
B3: 회원가입 Sheet
B5: SYS | C5: 시나리오 수 | D5: Pass | E5: Fail | F5: Block | G5: N/A | H5: Total | I5: 진척율 | J5: 수행율 | K5: 성공율 | L5: 결함율 | M5: 수행불가율
B6: FO | C6: =COUNTIF(TS_회원가입[SYS],표1_1[[#This Row],[SYS]]) -> 32 | D6: =COUNTIFS('1_회원가입'!$F:$F,표1_1[[#This Row],[SYS]],'1_회원가입'!$N:$N,표1_1[[#Headers],[Pass]]) -> 0 | E6: =COUNTIFS('1_회원가입'!$F:$F,표1_1[[#This Row],[SYS]],'1_회원가입'!$N:$N,표1_1[[#Headers],[Fail]]) -> 0 | F6: =COUNTIFS('1_회원가입'!$F:$F,표1_1[[#This Row],[SYS]],'1_회원가입'!$N:$N,표1_1[[#Headers],[Block]]) -> 0 | G6: =COUNTIFS('1_회원가입'!$F:$F,표1_1[[#This Row],[SYS]],'1_회원가입'!$N:$N,표1_1[[#Headers],[N/A]]) -> 0 | H6: =SUM(표1_1[[#This Row],[Pass]:[N/A]]) -> 0 | I6: =IFERROR(표1_1[[#This Row],[Total]]/표1_1[[#This Row],[시나리오 수]],0) -> 0 | J6: =IFERROR(SUM(표1_1[[#This Row],[Pass]:[Fail]])/(표1_1[[#This Row],[시나리오 수]]-표1_1[[#This Row],[N/A]]),0) -> 0 | K6: =IFERROR(표1_1[[#This Row],[Pass]]/SUM(표1_1[[#This Row],[Pass]:[Fail]]),0) -> 0 | L6: =IFERROR((표1_1[[#This Row],[Fail]]/SUM(표1_1[[#This Row],[Pass]:[Fail]])),0) -> 0 | M6: =IFERROR((표1_1[[#This Row],[Block]]/표1_1[[#This Row],[시나리오 수]]),0) -> 0
B7: MO | C7: =COUNTIF(TS_회원가입[SYS],표1_1[[#This Row],[SYS]]) -> 32 | D7: =COUNTIFS('1_회원가입'!$F:$F,표1_1[[#This Row],[SYS]],'1_회원가입'!$N:$N,표1_1[[#Headers],[Pass]]) -> 0 | E7: =COUNTIFS('1_회원가입'!$F:$F,표1_1[[#This Row],[SYS]],'1_회원가입'!$N:$N,표1_1[[#Headers],[Fail]]) -> 0 | F7: =COUNTIFS('1_회원가입'!$F:$F,표1_1[[#This Row],[SYS]],'1_회원가입'!$N:$N,표1_1[[#Headers],[Block]]) -> 0 | G7: =COUNTIFS('1_회원가입'!$F:$F,표1_1[[#This Row],[SYS]],'1_회원가입'!$N:$N,표1_1[[#Headers],[N/A]]) -> 0 | H7: =SUM(표1_1[[#This Row],[Pass]:[N/A]]) -> 0 | I7: =IFERROR(표1_1[[#This Row],[Total]]/표1_1[[#This Row],[시나리오 수]],0) -> 0 | J7: =IFERROR(SUM(표1_1[[#This Row],[Pass]:[Fail]])/(표1_1[[#This Row],[시나리오 수]]-표1_1[[#This Row],[N/A]]),0) -> 0 | K7: =IFERROR(표1_1[[#This Row],[Pass]]/SUM(표1_1[[#This Row],[Pass]:[Fail]]),0) -> 0 | L7: =IFERROR((표1_1[[#This Row],[Fail]]/SUM(표1_1[[#This Row],[Pass]:[Fail]])),0) -> 0 | M7: =IFERROR((표1_1[[#This Row],[Block]]/표1_1[[#This Row],[시나리오 수]]),0) -> 0
B8: BO | C8: =COUNTIF(TS_회원가입[SYS],표1_1[[#This Row],[SYS]]) -> 6 | D8: =COUNTIFS('1_회원가입'!$F:$F,표1_1[[#This Row],[SYS]],'1_회원가입'!$N:$N,표1_1[[#Headers],[Pass]]) -> 0 | E8: =COUNTIFS('1_회원가입'!$F:$F,표1_1[[#This Row],[SYS]],'1_회원가입'!$N:$N,표1_1[[#Headers],[Fail]]) -> 0 | F8: =COUNTIFS('1_회원가입'!$F:$F,표1_1[[#This Row],[SYS]],'1_회원가입'!$N:$N,표1_1[[#Headers],[Block]]) -> 0 | G8: =COUNTIFS('1_회원가입'!$F:$F,표1_1[[#This Row],[SYS]],'1_회원가입'!$N:$N,표1_1[[#Headers],[N/A]]) -> 0 | H8: =SUM(표1_1[[#This Row],[Pass]:[N/A]]) -> 0 | I8: =IFERROR(표1_1[[#This Row],[Total]]/표1_1[[#This Row],[시나리오 수]],0) -> 0 | J8: =IFERROR(SUM(표1_1[[#This Row],[Pass]:[Fail]])/(표1_1[[#This Row],[시나리오 수]]-표1_1[[#This Row],[N/A]]),0) -> 0 | K8: =IFERROR(표1_1[[#This Row],[Pass]]/SUM(표1_1[[#This Row],[Pass]:[Fail]]),0) -> 0 | L8: =IFERROR((표1_1[[#This Row],[Fail]]/SUM(표1_1[[#This Row],[Pass]:[Fail]])),0) -> 0 | M8: =IFERROR((표1_1[[#This Row],[Block]]/표1_1[[#This Row],[시나리오 수]]),0) -> 0
B9: PO | C9: =COUNTIF(TS_회원가입[SYS],표1_1[[#This Row],[SYS]]) -> 0 | D9: =COUNTIFS('1_회원가입'!$F:$F,표1_1[[#This Row],[SYS]],'1_회원가입'!$N:$N,표1_1[[#Headers],[Pass]]) -> 0 | E9: =COUNTIFS('1_회원가입'!$F:$F,표1_1[[#This Row],[SYS]],'1_회원가입'!$N:$N,표1_1[[#Headers],[Fail]]) -> 0 | F9: =COUNTIFS('1_회원가입'!$F:$F,표1_1[[#This Row],[SYS]],'1_회원가입'!$N:$N,표1_1[[#Headers],[Block]]) -> 0 | G9: =COUNTIFS('1_회원가입'!$F:$F,표1_1[[#This Row],[SYS]],'1_회원가입'!$N:$N,표1_1[[#Headers],[N/A]]) -> 0 | H9: =SUM(표1_1[[#This Row],[Pass]:[N/A]]) -> 0 | I9: =IFERROR(표1_1[[#This Row],[Total]]/표1_1[[#This Row],[시나리오 수]],0) -> 0 | J9: =IFERROR(SUM(표1_1[[#This Row],[Pass]:[Fail]])/(표1_1[[#This Row],[시나리오 수]]-표1_1[[#This Row],[N/A]]),0) -> 0 | K9: =IFERROR(표1_1[[#This Row],[Pass]]/SUM(표1_1[[#This Row],[Pass]:[Fail]]),0) -> 0 | L9: =IFERROR((표1_1[[#This Row],[Fail]]/SUM(표1_1[[#This Row],[Pass]:[Fail]])),0) -> 0 | M9: =IFERROR((표1_1[[#This Row],[Block]]/표1_1[[#This Row],[시나리오 수]]),0) -> 0
B10: Total | C10: =SUM(C6:C9) -> 70 | D10: =SUM(D6:D9) -> 0 | E10: =SUM(E6:E9) -> 0 | F10: =SUM(F6:F9) -> 0 | G10: =SUM(G6:G9) -> 0 | H10: =SUM(H6:H9) -> 0 | I10: =IFERROR(표1_1[[#This Row],[Total]]/표1_1[[#This Row],[시나리오 수]],0) -> 0 | J10: =IFERROR(SUM(표1_1[[#This Row],[Pass]:[Fail]])/(표1_1[[#This Row],[시나리오 수]]-표1_1[[#This Row],[N/A]]),0) -> 0 | K10: =IFERROR(표1_1[[#This Row],[Pass]]/SUM(표1_1[[#This Row],[Pass]:[Fail]]),0) -> 0 | L10: =IFERROR((표1_1[[#This Row],[Fail]]/SUM(표1_1[[#This Row],[Pass]:[Fail]])),0) -> 0 | M10: =IFERROR((표1_1[[#This Row],[Block]]/표1_1[[#This Row],[시나리오 수]]),0) -> 0
B12: 회원전환 Sheet
B14: SYS | C14: 시나리오 수 | D14: Pass | E14: Fail | F14: Block | G14: N/A | H14: Total | I14: 진척율 | J14: 수행율 | K14: 성공율 | L14: 결함율 | M14: 수행불가율
B15: FO | C15: =COUNTIF(TS_회원전환[SYS],표1_2[[#This Row],[SYS]]) -> 34 | D15: =COUNTIFS('2_회원전환'!$F:$F,표1_2[[#This Row],[SYS]],'2_회원전환'!$N:$N,표1_2[[#Headers],[Pass]]) -> 0 | E15: =COUNTIFS('2_회원전환'!$F:$F,표1_2[[#This Row],[SYS]],'2_회원전환'!$N:$N,표1_2[[#Headers],[Fail]]) -> 0 | F15: =COUNTIFS('2_회원전환'!$F:$F,표1_2[[#This Row],[SYS]],'2_회원전환'!$N:$N,표1_2[[#Headers],[Block]]) -> 0 | G15: =COUNTIFS('2_회원전환'!$F:$F,표1_2[[#This Row],[SYS]],'2_회원전환'!$N:$N,표1_2[[#Headers],[N/A]]) -> 0 | H15: =SUM(표1_2[[#This Row],[Pass]:[N/A]]) -> 0 | I15: =IFERROR(표1_2[[#This Row],[Total]]/표1_2[[#This Row],[시나리오 수]],0) -> 0 | J15: =IFERROR(SUM(표1_2[[#This Row],[Pass]:[Fail]])/(표1_2[[#This Row],[시나리오 수]]-표1_2[[#This Row],[N/A]]),0) -> 0 | K15: =IFERROR(표1_2[[#This Row],[Pass]]/SUM(표1_2[[#This Row],[Pass]:[Fail]]),0) -> 0 | L15: =IFERROR((표1_2[[#This Row],[Fail]]/SUM(표1_2[[#This Row],[Pass]:[Fail]])),0) -> 0 | M15: =IFERROR((표1_2[[#This Row],[Block]]/표1_2[[#This Row],[시나리오 수]]),0) -> 0
B16: MO | C16: =COUNTIF(TS_회원전환[SYS],표1_2[[#This Row],[SYS]]) -> 34 | D16: =COUNTIFS('2_회원전환'!$F:$F,표1_2[[#This Row],[SYS]],'2_회원전환'!$N:$N,표1_2[[#Headers],[Pass]]) -> 0 | E16: =COUNTIFS('2_회원전환'!$F:$F,표1_2[[#This Row],[SYS]],'2_회원전환'!$N:$N,표1_2[[#Headers],[Fail]]) -> 0 | F16: =COUNTIFS('2_회원전환'!$F:$F,표1_2[[#This Row],[SYS]],'2_회원전환'!$N:$N,표1_2[[#Headers],[Block]]) -> 0 | G16: =COUNTIFS('2_회원전환'!$F:$F,표1_2[[#This Row],[SYS]],'2_회원전환'!$N:$N,표1_2[[#Headers],[N/A]]) -> 0 | H16: =SUM(표1_2[[#This Row],[Pass]:[N/A]]) -> 0 | I16: =IFERROR(표1_2[[#This Row],[Total]]/표1_2[[#This Row],[시나리오 수]],0) -> 0 | J16: =IFERROR(SUM(표1_2[[#This Row],[Pass]:[Fail]])/표1_2[[#This Row],[시나리오 수]],0) -> 0 | K16: =IFERROR(표1_2[[#This Row],[Pass]]/SUM(표1_2[[#This Row],[Pass]:[Fail]]),0) -> 0 | L16: =IFERROR((표1_2[[#This Row],[Fail]]/SUM(표1_2[[#This Row],[Pass]:[Fail]])),0) -> 0 | M16: =IFERROR((표1_2[[#This Row],[Block]]/표1_2[[#This Row],[시나리오 수]]),0) -> 0
B17: BO | C17: =COUNTIF(TS_회원전환[SYS],표1_2[[#This Row],[SYS]]) -> 12 | D17: =COUNTIFS('2_회원전환'!$F:$F,표1_2[[#This Row],[SYS]],'2_회원전환'!$N:$N,표1_2[[#Headers],[Pass]]) -> 0 | E17: =COUNTIFS('2_회원전환'!$F:$F,표1_2[[#This Row],[SYS]],'2_회원전환'!$N:$N,표1_2[[#Headers],[Fail]]) -> 0 | F17: =COUNTIFS('2_회원전환'!$F:$F,표1_2[[#This Row],[SYS]],'2_회원전환'!$N:$N,표1_2[[#Headers],[Block]]) -> 0 | G17: =COUNTIFS('2_회원전환'!$F:$F,표1_2[[#This Row],[SYS]],'2_회원전환'!$N:$N,표1_2[[#Headers],[N/A]]) -> 0 | H17: =SUM(표1_2[[#This Row],[Pass]:[N/A]]) -> 0 | I17: =IFERROR(표1_2[[#This Row],[Total]]/표1_2[[#This Row],[시나리오 수]],0) -> 0 | J17: =IFERROR(SUM(표1_2[[#This Row],[Pass]:[Fail]])/표1_2[[#This Row],[시나리오 수]],0) -> 0 | K17: =IFERROR(표1_2[[#This Row],[Pass]]/SUM(표1_2[[#This Row],[Pass]:[Fail]]),0) -> 0 | L17: =IFERROR((표1_2[[#This Row],[Fail]]/SUM(표1_2[[#This Row],[Pass]:[Fail]])),0) -> 0 | M17: =IFERROR((표1_2[[#This Row],[Block]]/표1_2[[#This Row],[시나리오 수]]),0) -> 0
B18: PO | C18: =COUNTIF(TS_회원전환[SYS],표1_2[[#This Row],[SYS]]) -> 0 | D18: =COUNTIFS('2_회원전환'!$F:$F,표1_2[[#This Row],[SYS]],'2_회원전환'!$N:$N,표1_2[[#Headers],[Pass]]) -> 0 | E18: =COUNTIFS('2_회원전환'!$F:$F,표1_2[[#This Row],[SYS]],'2_회원전환'!$N:$N,표1_2[[#Headers],[Fail]]) -> 0 | F18: =COUNTIFS('2_회원전환'!$F:$F,표1_2[[#This Row],[SYS]],'2_회원전환'!$N:$N,표1_2[[#Headers],[Block]]) -> 0 | G18: =COUNTIFS('2_회원전환'!$F:$F,표1_2[[#This Row],[SYS]],'2_회원전환'!$N:$N,표1_2[[#Headers],[N/A]]) -> 0 | H18: =SUM(표1_2[[#This Row],[Pass]:[N/A]]) -> 0 | I18: =IFERROR(표1_2[[#This Row],[Total]]/표1_2[[#This Row],[시나리오 수]],0) -> 0 | J18: =IFERROR(SUM(표1_2[[#This Row],[Pass]:[Fail]])/표1_2[[#This Row],[시나리오 수]],0) -> 0 | K18: =IFERROR(표1_2[[#This Row],[Pass]]/SUM(표1_2[[#This Row],[Pass]:[Fail]]),0) -> 0 | L18: =IFERROR((표1_2[[#This Row],[Fail]]/SUM(표1_2[[#This Row],[Pass]:[Fail]])),0) -> 0 | M18: =IFERROR((표1_2[[#This Row],[Block]]/표1_2[[#This Row],[시나리오 수]]),0) -> 0
B19: Total | C19: =SUM(C15:C18) -> 80 | D19: =SUM(D15:D18) -> 0 | E19: =SUM(E15:E18) -> 0 | F19: =SUM(F15:F18) -> 0 | G19: =SUM(G15:G18) -> 0 | H19: =SUM(H15:H18) -> 0 | I19: =IFERROR(표1_2[[#This Row],[Total]]/표1_2[[#This Row],[시나리오 수]],0) -> 0 | J19: =IFERROR(SUM(표1_2[[#This Row],[Pass]:[Fail]])/표1_2[[#This Row],[시나리오 수]],0) -> 0 | K19: =IFERROR(표1_2[[#This Row],[Pass]]/SUM(표1_2[[#This Row],[Pass]:[Fail]]),0) -> 0 | L19: =IFERROR((표1_2[[#This Row],[Fail]]/SUM(표1_2[[#This Row],[Pass]:[Fail]])),0) -> 0 | M19: =IFERROR((표1_2[[#This Row],[Block]]/표1_2[[#This Row],[시나리오 수]]),0) -> 0
B21: 로그인 Sheet
B23: SYS | C23: 시나리오 수 | D23: Pass | E23: Fail | F23: Block | G23: N/A | H23: Total | I23: 진척율 | J23: 수행율 | K23: 성공율 | L23: 결함율 | M23: 수행불가율
B24: FO | C24: =COUNTIF(TS_로그인[SYS],표1_3[[#This Row],[SYS]]) -> 30 | D24: =COUNTIFS('3_로그인'!$F:$F,표1_3[[#This Row],[SYS]],'3_로그인'!$N:$N,표1_3[[#Headers],[Pass]]) -> 0 | E24: =COUNTIFS('3_로그인'!$F:$F,표1_3[[#This Row],[SYS]],'3_로그인'!$N:$N,표1_3[[#Headers],[Fail]]) -> 0 | F24: =COUNTIFS('3_로그인'!$F:$F,표1_3[[#This Row],[SYS]],'3_로그인'!$N:$N,표1_3[[#Headers],[Block]]) -> 0 | G24: =COUNTIFS('3_로그인'!$F:$F,표1_3[[#This Row],[SYS]],'3_로그인'!$N:$N,표1_3[[#Headers],[N/A]]) -> 0 | H24: =SUM(표1_3[[#This Row],[Pass]:[N/A]]) -> 0 | I24: =IFERROR(표1_3[[#This Row],[Total]]/표1_3[[#This Row],[시나리오 수]],0) -> 0 | J24: =IFERROR(SUM(표1_3[[#This Row],[Pass]:[Fail]])/(표1_3[[#This Row],[시나리오 수]]-표1_3[[#This Row],[N/A]]),0) -> 0 | K24: =IFERROR(표1_3[[#This Row],[Pass]]/SUM(표1_3[[#This Row],[Pass]:[Fail]]),0) -> 0 | L24: =IFERROR((표1_3[[#This Row],[Fail]]/SUM(표1_3[[#This Row],[Pass]:[Fail]])),0) -> 0 | M24: =IFERROR((표1_3[[#This Row],[Block]]/표1_3[[#This Row],[시나리오 수]]),0) -> 0
B25: MO | C25: =COUNTIF(TS_로그인[SYS],표1_3[[#This Row],[SYS]]) -> 30 | D25: =COUNTIFS('3_로그인'!$F:$F,표1_3[[#This Row],[SYS]],'3_로그인'!$N:$N,표1_3[[#Headers],[Pass]]) -> 0 | E25: =COUNTIFS('3_로그인'!$F:$F,표1_3[[#This Row],[SYS]],'3_로그인'!$N:$N,표1_3[[#Headers],[Fail]]) -> 0 | F25: =COUNTIFS('3_로그인'!$F:$F,표1_3[[#This Row],[SYS]],'3_로그인'!$N:$N,표1_3[[#Headers],[Block]]) -> 0 | G25: =COUNTIFS('3_로그인'!$F:$F,표1_3[[#This Row],[SYS]],'3_로그인'!$N:$N,표1_3[[#Headers],[N/A]]) -> 0 | H25: =SUM(표1_3[[#This Row],[Pass]:[N/A]]) -> 0 | I25: =IFERROR(표1_3[[#This Row],[Total]]/표1_3[[#This Row],[시나리오 수]],0) -> 0 | J25: =IFERROR(SUM(표1_3[[#This Row],[Pass]:[Fail]])/(표1_3[[#This Row],[시나리오 수]]-표1_3[[#This Row],[N/A]]),0) -> 0 | K25: =IFERROR(표1_3[[#This Row],[Pass]]/SUM(표1_3[[#This Row],[Pass]:[Fail]]),0) -> 0 | L25: =IFERROR((표1_3[[#This Row],[Fail]]/SUM(표1_3[[#This Row],[Pass]:[Fail]])),0) -> 0 | M25: =IFERROR((표1_3[[#This Row],[Block]]/표1_3[[#This Row],[시나리오 수]]),0) -> 0
B26: BO | C26: =COUNTIF(TS_로그인[SYS],표1_3[[#This Row],[SYS]]) -> 3 | D26: =COUNTIFS('3_로그인'!$F:$F,표1_3[[#This Row],[SYS]],'3_로그인'!$N:$N,표1_3[[#Headers],[Pass]]) -> 0 | E26: =COUNTIFS('3_로그인'!$F:$F,표1_3[[#This Row],[SYS]],'3_로그인'!$N:$N,표1_3[[#Headers],[Fail]]) -> 0 | F26: =COUNTIFS('3_로그인'!$F:$F,표1_3[[#This Row],[SYS]],'3_로그인'!$N:$N,표1_3[[#Headers],[Block]]) -> 0 | G26: =COUNTIFS('3_로그인'!$F:$F,표1_3[[#This Row],[SYS]],'3_로그인'!$N:$N,표1_3[[#Headers],[N/A]]) -> 0 | H26: =SUM(표1_3[[#This Row],[Pass]:[N/A]]) -> 0 | I26: =IFERROR(표1_3[[#This Row],[Total]]/표1_3[[#This Row],[시나리오 수]],0) -> 0 | J26: =IFERROR(SUM(표1_3[[#This Row],[Pass]:[Fail]])/(표1_3[[#This Row],[시나리오 수]]-표1_3[[#This Row],[N/A]]),0) -> 0 | K26: =IFERROR(표1_3[[#This Row],[Pass]]/SUM(표1_3[[#This Row],[Pass]:[Fail]]),0) -> 0 | L26: =IFERROR((표1_3[[#This Row],[Fail]]/SUM(표1_3[[#This Row],[Pass]:[Fail]])),0) -> 0 | M26: =IFERROR((표1_3[[#This Row],[Block]]/표1_3[[#This Row],[시나리오 수]]),0) -> 0
B27: PO | C27: =COUNTIF(TS_로그인[SYS],표1_3[[#This Row],[SYS]]) -> 0 | D27: =COUNTIFS('3_로그인'!$F:$F,표1_3[[#This Row],[SYS]],'3_로그인'!$N:$N,표1_3[[#Headers],[Pass]]) -> 0 | E27: =COUNTIFS('3_로그인'!$F:$F,표1_3[[#This Row],[SYS]],'3_로그인'!$N:$N,표1_3[[#Headers],[Fail]]) -> 0 | F27: =COUNTIFS('3_로그인'!$F:$F,표1_3[[#This Row],[SYS]],'3_로그인'!$N:$N,표1_3[[#Headers],[Block]]) -> 0 | G27: =COUNTIFS('3_로그인'!$F:$F,표1_3[[#This Row],[SYS]],'3_로그인'!$N:$N,표1_3[[#Headers],[N/A]]) -> 0 | H27: =SUM(표1_3[[#This Row],[Pass]:[N/A]]) -> 0 | I27: =IFERROR(표1_3[[#This Row],[Total]]/표1_3[[#This Row],[시나리오 수]],0) -> 0 | J27: =IFERROR(SUM(표1_3[[#This Row],[Pass]:[Fail]])/(표1_3[[#This Row],[시나리오 수]]-표1_3[[#This Row],[N/A]]),0) -> 0 | K27: =IFERROR(표1_3[[#This Row],[Pass]]/SUM(표1_3[[#This Row],[Pass]:[Fail]]),0) -> 0 | L27: =IFERROR((표1_3[[#This Row],[Fail]]/SUM(표1_3[[#This Row],[Pass]:[Fail]])),0) -> 0 | M27: =IFERROR((표1_3[[#This Row],[Block]]/표1_3[[#This Row],[시나리오 수]]),0) -> 0
B28: Total | C28: =SUM(C24:C27) -> 63 | D28: =SUM(D24:D27) -> 0 | E28: =SUM(E24:E27) -> 0 | F28: =SUM(F24:F27) -> 0 | G28: =SUM(G24:G27) -> 0 | H28: =SUM(H24:H27) -> 0 | I28: =IFERROR(표1_3[[#This Row],[Total]]/표1_3[[#This Row],[시나리오 수]],0) -> 0 | J28: =IFERROR(SUM(표1_3[[#This Row],[Pass]:[Fail]])/표1_3[[#This Row],[시나리오 수]],0) -> 0 | K28: =IFERROR(표1_3[[#This Row],[Pass]]/SUM(표1_3[[#This Row],[Pass]:[Fail]]),0) -> 0 | L28: =IFERROR((표1_3[[#This Row],[Fail]]/SUM(표1_3[[#This Row],[Pass]:[Fail]])),0) -> 0 | M28: =IFERROR((표1_3[[#This Row],[Block]]/표1_3[[#This Row],[시나리오 수]]),0) -> 0
B30: ID 찾기 Sheet
B32: SYS | C32: 시나리오 수 | D32: Pass | E32: Fail | F32: Block | G32: N/A | H32: Total | I32: 진척율 | J32: 수행율 | K32: 성공율 | L32: 결함율 | M32: 수행불가율
B33: FO | C33: =COUNTIF(TS_ID찾기[SYS],표1_4[[#This Row],[SYS]]) -> 20 | D33: =COUNTIFS('4_ID 찾기'!$F:$F,표1_4[[#This Row],[SYS]],'4_ID 찾기'!$N:$N,표1_4[[#Headers],[Pass]]) -> 0 | E33: =COUNTIFS('4_ID 찾기'!$F:$F,표1_4[[#This Row],[SYS]],'4_ID 찾기'!$N:$N,표1_4[[#Headers],[Fail]]) -> 0 | F33: =COUNTIFS('4_ID 찾기'!$F:$F,표1_4[[#This Row],[SYS]],'4_ID 찾기'!$N:$N,표1_4[[#Headers],[Block]]) -> 0 | G33: =COUNTIFS('4_ID 찾기'!$F:$F,표1_4[[#This Row],[SYS]],'4_ID 찾기'!$N:$N,표1_4[[#Headers],[N/A]]) -> 0 | H33: =SUM(표1_4[[#This Row],[Pass]:[N/A]]) -> 0 | I33: =IFERROR(표1_4[[#This Row],[Total]]/표1_4[[#This Row],[시나리오 수]],0) -> 0 | J33: =IFERROR(SUM(표1_4[[#This Row],[Pass]:[Fail]])/(표1_4[[#This Row],[시나리오 수]]-표1_4[[#This Row],[N/A]]),0) -> 0 | K33: =IFERROR(표1_4[[#This Row],[Pass]]/SUM(표1_4[[#This Row],[Pass]:[Fail]]),0) -> 0 | L33: =IFERROR((표1_4[[#This Row],[Fail]]/SUM(표1_4[[#This Row],[Pass]:[Fail]])),0) -> 0 | M33: =IFERROR((표1_4[[#This Row],[Block]]/표1_4[[#This Row],[시나리오 수]]),0) -> 0
B34: MO | C34: =COUNTIF(TS_ID찾기[SYS],표1_4[[#This Row],[SYS]]) -> 20 | D34: =COUNTIFS('4_ID 찾기'!$F:$F,표1_4[[#This Row],[SYS]],'4_ID 찾기'!$N:$N,표1_4[[#Headers],[Pass]]) -> 0 | E34: =COUNTIFS('4_ID 찾기'!$F:$F,표1_4[[#This Row],[SYS]],'4_ID 찾기'!$N:$N,표1_4[[#Headers],[Fail]]) -> 0 | F34: =COUNTIFS('4_ID 찾기'!$F:$F,표1_4[[#This Row],[SYS]],'4_ID 찾기'!$N:$N,표1_4[[#Headers],[Block]]) -> 0 | G34: =COUNTIFS('4_ID 찾기'!$F:$F,표1_4[[#This Row],[SYS]],'4_ID 찾기'!$N:$N,표1_4[[#Headers],[N/A]]) -> 0 | H34: =SUM(표1_4[[#This Row],[Pass]:[N/A]]) -> 0 | I34: =IFERROR(표1_4[[#This Row],[Total]]/표1_4[[#This Row],[시나리오 수]],0) -> 0 | J34: =IFERROR(SUM(표1_4[[#This Row],[Pass]:[Fail]])/(표1_4[[#This Row],[시나리오 수]]-표1_4[[#This Row],[N/A]]),0) -> 0 | K34: =IFERROR(표1_4[[#This Row],[Pass]]/SUM(표1_4[[#This Row],[Pass]:[Fail]]),0) -> 0 | L34: =IFERROR((표1_4[[#This Row],[Fail]]/SUM(표1_4[[#This Row],[Pass]:[Fail]])),0) -> 0 | M34: =IFERROR((표1_4[[#This Row],[Block]]/표1_4[[#This Row],[시나리오 수]]),0) -> 0
B35: BO | C35: =COUNTIF(TS_ID찾기[SYS],표1_4[[#This Row],[SYS]]) -> 0 | D35: =COUNTIFS('4_ID 찾기'!$F:$F,표1_4[[#This Row],[SYS]],'4_ID 찾기'!$N:$N,표1_4[[#Headers],[Pass]]) -> 0 | E35: =COUNTIFS('4_ID 찾기'!$F:$F,표1_4[[#This Row],[SYS]],'4_ID 찾기'!$N:$N,표1_4[[#Headers],[Fail]]) -> 0 | F35: =COUNTIFS('4_ID 찾기'!$F:$F,표1_4[[#This Row],[SYS]],'4_ID 찾기'!$N:$N,표1_4[[#Headers],[Block]]) -> 0 | G35: =COUNTIFS('4_ID 찾기'!$F:$F,표1_4[[#This Row],[SYS]],'4_ID 찾기'!$N:$N,표1_4[[#Headers],[N/A]]) -> 0 | H35: =SUM(표1_4[[#This Row],[Pass]:[N/A]]) -> 0 | I35: =IFERROR(표1_4[[#This Row],[Total]]/표1_4[[#This Row],[시나리오 수]],0) -> 0 | J35: =IFERROR(SUM(표1_4[[#This Row],[Pass]:[Fail]])/(표1_4[[#This Row],[시나리오 수]]-표1_4[[#This Row],[N/A]]),0) -> 0 | K35: =IFERROR(표1_4[[#This Row],[Pass]]/SUM(표1_4[[#This Row],[Pass]:[Fail]]),0) -> 0 | L35: =IFERROR((표1_4[[#This Row],[Fail]]/SUM(표1_4[[#This Row],[Pass]:[Fail]])),0) -> 0 | M35: =IFERROR((표1_4[[#This Row],[Block]]/표1_4[[#This Row],[시나리오 수]]),0) -> 0
B36: PO | C36: =COUNTIF(TS_ID찾기[SYS],표1_4[[#This Row],[SYS]]) -> 0 | D36: =COUNTIFS('4_ID 찾기'!$F:$F,표1_4[[#This Row],[SYS]],'4_ID 찾기'!$N:$N,표1_4[[#Headers],[Pass]]) -> 0 | E36: =COUNTIFS('4_ID 찾기'!$F:$F,표1_4[[#This Row],[SYS]],'4_ID 찾기'!$N:$N,표1_4[[#Headers],[Fail]]) -> 0 | F36: =COUNTIFS('4_ID 찾기'!$F:$F,표1_4[[#This Row],[SYS]],'4_ID 찾기'!$N:$N,표1_4[[#Headers],[Block]]) -> 0 | G36: =COUNTIFS('4_ID 찾기'!$F:$F,표1_4[[#This Row],[SYS]],'4_ID 찾기'!$N:$N,표1_4[[#Headers],[N/A]]) -> 0 | H36: =SUM(표1_4[[#This Row],[Pass]:[N/A]]) -> 0 | I36: =IFERROR(표1_4[[#This Row],[Total]]/표1_4[[#This Row],[시나리오 수]],0) -> 0 | J36: =IFERROR(SUM(표1_4[[#This Row],[Pass]:[Fail]])/(표1_4[[#This Row],[시나리오 수]]-표1_4[[#This Row],[N/A]]),0) -> 0 | K36: =IFERROR(표1_4[[#This Row],[Pass]]/SUM(표1_4[[#This Row],[Pass]:[Fail]]),0) -> 0 | L36: =IFERROR((표1_4[[#This Row],[Fail]]/SUM(표1_4[[#This Row],[Pass]:[Fail]])),0) -> 0 | M36: =IFERROR((표1_4[[#This Row],[Block]]/표1_4[[#This Row],[시나리오 수]]),0) -> 0
B37: Total | C37: =SUM(C33:C36) -> 40 | D37: =SUM(D33:D36) -> 0 | E37: =SUM(E33:E36) -> 0 | F37: =SUM(F33:F36) -> 0 | G37: =SUM(G33:G36) -> 0 | H37: =SUM(H33:H36) -> 0 | I37: =IFERROR(표1_4[[#This Row],[Total]]/표1_4[[#This Row],[시나리오 수]],0) -> 0 | J37: =IFERROR(SUM(표1_4[[#This Row],[Pass]:[Fail]])/표1_4[[#This Row],[시나리오 수]],0) -> 0 | K37: =IFERROR(표1_4[[#This Row],[Pass]]/SUM(표1_4[[#This Row],[Pass]:[Fail]]),0) -> 0 | L37: =IFERROR((표1_4[[#This Row],[Fail]]/SUM(표1_4[[#This Row],[Pass]:[Fail]])),0) -> 0 | M37: =IFERROR((표1_4[[#This Row],[Block]]/표1_4[[#This Row],[시나리오 수]]),0) -> 0
B39: PW 찾기 Sheet
B41: SYS | C41: 시나리오 수 | D41: Pass | E41: Fail | F41: Block | G41: N/A | H41: Total | I41: 진척율 | J41: 수행율 | K41: 성공율 | L41: 결함율 | M41: 수행불가율
B42: FO | C42: =COUNTIF(TS_PW찾기[SYS],표1_5[[#This Row],[SYS]]) -> 24 | D42: =COUNTIFS('5_PW 찾기'!$F:$F,표1_5[[#This Row],[SYS]],'5_PW 찾기'!$N:$N,표1_5[[#Headers],[Pass]]) -> 0 | E42: =COUNTIFS('5_PW 찾기'!$F:$F,표1_5[[#This Row],[SYS]],'5_PW 찾기'!$N:$N,표1_5[[#Headers],[Fail]]) -> 0 | F42: =COUNTIFS('5_PW 찾기'!$F:$F,표1_5[[#This Row],[SYS]],'5_PW 찾기'!$N:$N,표1_5[[#Headers],[Block]]) -> 0 | G42: =COUNTIFS('5_PW 찾기'!$F:$F,표1_5[[#This Row],[SYS]],'5_PW 찾기'!$N:$N,표1_5[[#Headers],[N/A]]) -> 0 | H42: =SUM(표1_5[[#This Row],[Pass]:[N/A]]) -> 0 | I42: =IFERROR(표1_5[[#This Row],[Total]]/표1_5[[#This Row],[시나리오 수]],0) -> 0 | J42: =IFERROR(SUM(표1_5[[#This Row],[Pass]:[Fail]])/(표1_5[[#This Row],[시나리오 수]]-표1_5[[#This Row],[N/A]]),0) -> 0 | K42: =IFERROR(표1_5[[#This Row],[Pass]]/SUM(표1_5[[#This Row],[Pass]:[Fail]]),0) -> 0 | L42: =IFERROR((표1_5[[#This Row],[Fail]]/SUM(표1_5[[#This Row],[Pass]:[Fail]])),0) -> 0 | M42: =IFERROR((표1_5[[#This Row],[Block]]/표1_5[[#This Row],[시나리오 수]]),0) -> 0
B43: MO | C43: =COUNTIF(TS_PW찾기[SYS],표1_5[[#This Row],[SYS]]) -> 24 | D43: =COUNTIFS('5_PW 찾기'!$F:$F,표1_5[[#This Row],[SYS]],'5_PW 찾기'!$N:$N,표1_5[[#Headers],[Pass]]) -> 0 | E43: =COUNTIFS('5_PW 찾기'!$F:$F,표1_5[[#This Row],[SYS]],'5_PW 찾기'!$N:$N,표1_5[[#Headers],[Fail]]) -> 0 | F43: =COUNTIFS('5_PW 찾기'!$F:$F,표1_5[[#This Row],[SYS]],'5_PW 찾기'!$N:$N,표1_5[[#Headers],[Block]]) -> 0 | G43: =COUNTIFS('5_PW 찾기'!$F:$F,표1_5[[#This Row],[SYS]],'5_PW 찾기'!$N:$N,표1_5[[#Headers],[N/A]]) -> 0 | H43: =SUM(표1_5[[#This Row],[Pass]:[N/A]]) -> 0 | I43: =IFERROR(표1_5[[#This Row],[Total]]/표1_5[[#This Row],[시나리오 수]],0) -> 0 | J43: =IFERROR(SUM(표1_5[[#This Row],[Pass]:[Fail]])/(표1_5[[#This Row],[시나리오 수]]-표1_5[[#This Row],[N/A]]),0) -> 0 | K43: =IFERROR(표1_5[[#This Row],[Pass]]/SUM(표1_5[[#This Row],[Pass]:[Fail]]),0) -> 0 | L43: =IFERROR((표1_5[[#This Row],[Fail]]/SUM(표1_5[[#This Row],[Pass]:[Fail]])),0) -> 0 | M43: =IFERROR((표1_5[[#This Row],[Block]]/표1_5[[#This Row],[시나리오 수]]),0) -> 0
B44: BO | C44: =COUNTIF(TS_PW찾기[SYS],표1_5[[#This Row],[SYS]]) -> 0 | D44: =COUNTIFS('5_PW 찾기'!$F:$F,표1_5[[#This Row],[SYS]],'5_PW 찾기'!$N:$N,표1_5[[#Headers],[Pass]]) -> 0 | E44: =COUNTIFS('5_PW 찾기'!$F:$F,표1_5[[#This Row],[SYS]],'5_PW 찾기'!$N:$N,표1_5[[#Headers],[Fail]]) -> 0 | F44: =COUNTIFS('5_PW 찾기'!$F:$F,표1_5[[#This Row],[SYS]],'5_PW 찾기'!$N:$N,표1_5[[#Headers],[Block]]) -> 0 | G44: =COUNTIFS('5_PW 찾기'!$F:$F,표1_5[[#This Row],[SYS]],'5_PW 찾기'!$N:$N,표1_5[[#Headers],[N/A]]) -> 0 | H44: =SUM(표1_5[[#This Row],[Pass]:[N/A]]) -> 0 | I44: =IFERROR(표1_5[[#This Row],[Total]]/표1_5[[#This Row],[시나리오 수]],0) -> 0 | J44: =IFERROR(SUM(표1_5[[#This Row],[Pass]:[Fail]])/(표1_5[[#This Row],[시나리오 수]]-표1_5[[#This Row],[N/A]]),0) -> 0 | K44: =IFERROR(표1_5[[#This Row],[Pass]]/SUM(표1_5[[#This Row],[Pass]:[Fail]]),0) -> 0 | L44: =IFERROR((표1_5[[#This Row],[Fail]]/SUM(표1_5[[#This Row],[Pass]:[Fail]])),0) -> 0 | M44: =IFERROR((표1_5[[#This Row],[Block]]/표1_5[[#This Row],[시나리오 수]]),0) -> 0
B45: PO | C45: =COUNTIF(TS_PW찾기[SYS],표1_5[[#This Row],[SYS]]) -> 0 | D45: =COUNTIFS('5_PW 찾기'!$F:$F,표1_5[[#This Row],[SYS]],'5_PW 찾기'!$N:$N,표1_5[[#Headers],[Pass]]) -> 0 | E45: =COUNTIFS('5_PW 찾기'!$F:$F,표1_5[[#This Row],[SYS]],'5_PW 찾기'!$N:$N,표1_5[[#Headers],[Fail]]) -> 0 | F45: =COUNTIFS('5_PW 찾기'!$F:$F,표1_5[[#This Row],[SYS]],'5_PW 찾기'!$N:$N,표1_5[[#Headers],[Block]]) -> 0 | G45: =COUNTIFS('5_PW 찾기'!$F:$F,표1_5[[#This Row],[SYS]],'5_PW 찾기'!$N:$N,표1_5[[#Headers],[N/A]]) -> 0 | H45: =SUM(표1_5[[#This Row],[Pass]:[N/A]]) -> 0 | I45: =IFERROR(표1_5[[#This Row],[Total]]/표1_5[[#This Row],[시나리오 수]],0) -> 0 | J45: =IFERROR(SUM(표1_5[[#This Row],[Pass]:[Fail]])/(표1_5[[#This Row],[시나리오 수]]-표1_5[[#This Row],[N/A]]),0) -> 0 | K45: =IFERROR(표1_5[[#This Row],[Pass]]/SUM(표1_5[[#This Row],[Pass]:[Fail]]),0) -> 0 | L45: =IFERROR((표1_5[[#This Row],[Fail]]/SUM(표1_5[[#This Row],[Pass]:[Fail]])),0) -> 0 | M45: =IFERROR((표1_5[[#This Row],[Block]]/표1_5[[#This Row],[시나리오 수]]),0) -> 0
B46: Total | C46: =SUM(C42:C45) -> 48 | D46: =SUM(D42:D45) -> 0 | E46: =SUM(E42:E45) -> 0 | F46: =SUM(F42:F45) -> 0 | G46: =SUM(G42:G45) -> 0 | H46: =SUM(H42:H45) -> 0 | I46: =IFERROR(표1_5[[#This Row],[Total]]/표1_5[[#This Row],[시나리오 수]],0) -> 0 | J46: =IFERROR(SUM(표1_5[[#This Row],[Pass]:[Fail]])/표1_5[[#This Row],[시나리오 수]],0) -> 0 | K46: =IFERROR(표1_5[[#This Row],[Pass]]/SUM(표1_5[[#This Row],[Pass]:[Fail]]),0) -> 0 | L46: =IFERROR((표1_5[[#This Row],[Fail]]/SUM(표1_5[[#This Row],[Pass]:[Fail]])),0) -> 0 | M46: =IFERROR((표1_5[[#This Row],[Block]]/표1_5[[#This Row],[시나리오 수]]),0) -> 0
B48: 임직원 인증 Sheet
B50: SYS | C50: 시나리오 수 | D50: Pass | E50: Fail | F50: Block | G50: N/A | H50: Total | I50: 진척율 | J50: 수행율 | K50: 성공율 | L50: 결함율 | M50: 수행불가율
B51: FO | C51: =COUNTIF(TS_임직원인증[SYS],표1_6[[#This Row],[SYS]]) -> 8 | D51: =COUNTIFS('6_임직원 인증'!$F:$F,표1_6[[#This Row],[SYS]],'6_임직원 인증'!$N:$N,표1_6[[#Headers],[Pass]]) -> 0 | E51: =COUNTIFS('6_임직원 인증'!$F:$F,표1_6[[#This Row],[SYS]],'6_임직원 인증'!$N:$N,표1_6[[#Headers],[Fail]]) -> 0 | F51: =COUNTIFS('6_임직원 인증'!$F:$F,표1_6[[#This Row],[SYS]],'6_임직원 인증'!$N:$N,표1_6[[#Headers],[Block]]) -> 0 | G51: =COUNTIFS('6_임직원 인증'!$F:$F,표1_6[[#This Row],[SYS]],'6_임직원 인증'!$N:$N,표1_6[[#Headers],[N/A]]) -> 0 | H51: =SUM(표1_6[[#This Row],[Pass]:[N/A]]) -> 0 | I51: =IFERROR(표1_6[[#This Row],[Total]]/표1_6[[#This Row],[시나리오 수]],0) -> 0 | J51: =IFERROR(SUM(표1_6[[#This Row],[Pass]:[Fail]])/(표1_6[[#This Row],[시나리오 수]]-표1_6[[#This Row],[N/A]]),0) -> 0 | K51: =IFERROR(표1_6[[#This Row],[Pass]]/SUM(표1_6[[#This Row],[Pass]:[Fail]]),0) -> 0 | L51: =IFERROR((표1_6[[#This Row],[Fail]]/SUM(표1_6[[#This Row],[Pass]:[Fail]])),0) -> 0 | M51: =IFERROR((표1_6[[#This Row],[Block]]/표1_6[[#This Row],[시나리오 수]]),0) -> 0
B52: MO | C52: =COUNTIF(TS_임직원인증[SYS],표1_6[[#This Row],[SYS]]) -> 8 | D52: =COUNTIFS('6_임직원 인증'!$F:$F,표1_6[[#This Row],[SYS]],'6_임직원 인증'!$N:$N,표1_6[[#Headers],[Pass]]) -> 0 | E52: =COUNTIFS('6_임직원 인증'!$F:$F,표1_6[[#This Row],[SYS]],'6_임직원 인증'!$N:$N,표1_6[[#Headers],[Fail]]) -> 0 | F52: =COUNTIFS('6_임직원 인증'!$F:$F,표1_6[[#This Row],[SYS]],'6_임직원 인증'!$N:$N,표1_6[[#Headers],[Block]]) -> 0 | G52: =COUNTIFS('6_임직원 인증'!$F:$F,표1_6[[#This Row],[SYS]],'6_임직원 인증'!$N:$N,표1_6[[#Headers],[N/A]]) -> 0 | H52: =SUM(표1_6[[#This Row],[Pass]:[N/A]]) -> 0 | I52: =IFERROR(표1_6[[#This Row],[Total]]/표1_6[[#This Row],[시나리오 수]],0) -> 0 | J52: =IFERROR(SUM(표1_6[[#This Row],[Pass]:[Fail]])/(표1_6[[#This Row],[시나리오 수]]-표1_6[[#This Row],[N/A]]),0) -> 0 | K52: =IFERROR(표1_6[[#This Row],[Pass]]/SUM(표1_6[[#This Row],[Pass]:[Fail]]),0) -> 0 | L52: =IFERROR((표1_6[[#This Row],[Fail]]/SUM(표1_6[[#This Row],[Pass]:[Fail]])),0) -> 0 | M52: =IFERROR((표1_6[[#This Row],[Block]]/표1_6[[#This Row],[시나리오 수]]),0) -> 0
B53: BO | C53: =COUNTIF(TS_임직원인증[SYS],표1_6[[#This Row],[SYS]]) -> 12 | D53: =COUNTIFS('6_임직원 인증'!$F:$F,표1_6[[#This Row],[SYS]],'6_임직원 인증'!$N:$N,표1_6[[#Headers],[Pass]]) -> 0 | E53: =COUNTIFS('6_임직원 인증'!$F:$F,표1_6[[#This Row],[SYS]],'6_임직원 인증'!$N:$N,표1_6[[#Headers],[Fail]]) -> 0 | F53: =COUNTIFS('6_임직원 인증'!$F:$F,표1_6[[#This Row],[SYS]],'6_임직원 인증'!$N:$N,표1_6[[#Headers],[Block]]) -> 0 | G53: =COUNTIFS('6_임직원 인증'!$F:$F,표1_6[[#This Row],[SYS]],'6_임직원 인증'!$N:$N,표1_6[[#Headers],[N/A]]) -> 0 | H53: =SUM(표1_6[[#This Row],[Pass]:[N/A]]) -> 0 | I53: =IFERROR(표1_6[[#This Row],[Total]]/표1_6[[#This Row],[시나리오 수]],0) -> 0 | J53: =IFERROR(SUM(표1_6[[#This Row],[Pass]:[Fail]])/(표1_6[[#This Row],[시나리오 수]]-표1_6[[#This Row],[N/A]]),0) -> 0 | K53: =IFERROR(표1_6[[#This Row],[Pass]]/SUM(표1_6[[#This Row],[Pass]:[Fail]]),0) -> 0 | L53: =IFERROR((표1_6[[#This Row],[Fail]]/SUM(표1_6[[#This Row],[Pass]:[Fail]])),0) -> 0 | M53: =IFERROR((표1_6[[#This Row],[Block]]/표1_6[[#This Row],[시나리오 수]]),0) -> 0
B54: PO | C54: =COUNTIF(TS_임직원인증[SYS],표1_6[[#This Row],[SYS]]) -> 0 | D54: =COUNTIFS('6_임직원 인증'!$F:$F,표1_6[[#This Row],[SYS]],'6_임직원 인증'!$N:$N,표1_6[[#Headers],[Pass]]) -> 0 | E54: =COUNTIFS('6_임직원 인증'!$F:$F,표1_6[[#This Row],[SYS]],'6_임직원 인증'!$N:$N,표1_6[[#Headers],[Fail]]) -> 0 | F54: =COUNTIFS('6_임직원 인증'!$F:$F,표1_6[[#This Row],[SYS]],'6_임직원 인증'!$N:$N,표1_6[[#Headers],[Block]]) -> 0 | G54: =COUNTIFS('6_임직원 인증'!$F:$F,표1_6[[#This Row],[SYS]],'6_임직원 인증'!$N:$N,표1_6[[#Headers],[N/A]]) -> 0 | H54: =SUM(표1_6[[#This Row],[Pass]:[N/A]]) -> 0 | I54: =IFERROR(표1_6[[#This Row],[Total]]/표1_6[[#This Row],[시나리오 수]],0) -> 0 | J54: =IFERROR(SUM(표1_6[[#This Row],[Pass]:[Fail]])/(표1_6[[#This Row],[시나리오 수]]-표1_6[[#This Row],[N/A]]),0) -> 0 | K54: =IFERROR(표1_6[[#This Row],[Pass]]/SUM(표1_6[[#This Row],[Pass]:[Fail]]),0) -> 0 | L54: =IFERROR((표1_6[[#This Row],[Fail]]/SUM(표1_6[[#This Row],[Pass]:[Fail]])),0) -> 0 | M54: =IFERROR((표1_6[[#This Row],[Block]]/표1_6[[#This Row],[시나리오 수]]),0) -> 0
B55: Total | C55: =SUM(C51:C54) -> 28 | D55: =SUM(D51:D54) -> 0 | E55: =SUM(E51:E54) -> 0 | F55: =SUM(F51:F54) -> 0 | G55: =SUM(G51:G54) -> 0 | H55: =SUM(H51:H54) -> 0 | I55: =IFERROR(표1_6[[#This Row],[Total]]/표1_6[[#This Row],[시나리오 수]],0) -> 0 | J55: =IFERROR(SUM(표1_6[[#This Row],[Pass]:[Fail]])/표1_6[[#This Row],[시나리오 수]],0) -> 0 | K55: =IFERROR(표1_6[[#This Row],[Pass]]/SUM(표1_6[[#This Row],[Pass]:[Fail]]),0) -> 0 | L55: =IFERROR((표1_6[[#This Row],[Fail]]/SUM(표1_6[[#This Row],[Pass]:[Fail]])),0) -> 0 | M55: =IFERROR((표1_6[[#This Row],[Block]]/표1_6[[#This Row],[시나리오 수]]),0) -> 0
B57: 회원 탈퇴 Sheet
B59: SYS | C59: 시나리오 수 | D59: Pass | E59: Fail | F59: Block | G59: N/A | H59: Total | I59: 진척율 | J59: 수행율 | K59: 성공율 | L59: 결함율 | M59: 수행불가율
B60: FO | C60: =COUNTIF(TS_회원탈퇴[SYS],표1_7[[#This Row],[SYS]]) -> 20 | D60: =COUNTIFS('7_회원 탈퇴'!$F:$F,표1_7[[#This Row],[SYS]],'7_회원 탈퇴'!$N:$N,표1_7[[#Headers],[Pass]]) -> 0 | E60: =COUNTIFS('7_회원 탈퇴'!$F:$F,표1_7[[#This Row],[SYS]],'7_회원 탈퇴'!$N:$N,표1_7[[#Headers],[Fail]]) -> 0 | F60: =COUNTIFS('7_회원 탈퇴'!$F:$F,표1_7[[#This Row],[SYS]],'7_회원 탈퇴'!$N:$N,표1_7[[#Headers],[Block]]) -> 0 | G60: =COUNTIFS('7_회원 탈퇴'!$F:$F,표1_7[[#This Row],[SYS]],'7_회원 탈퇴'!$N:$N,표1_7[[#Headers],[N/A]]) -> 0 | H60: =SUM(표1_7[[#This Row],[Pass]:[N/A]]) -> 0 | I60: =IFERROR(표1_7[[#This Row],[Total]]/표1_7[[#This Row],[시나리오 수]],0) -> 0 | J60: =IFERROR(SUM(표1_7[[#This Row],[Pass]:[Fail]])/(표1_7[[#This Row],[시나리오 수]]-표1_7[[#This Row],[N/A]]),0) -> 0 | K60: =IFERROR(표1_7[[#This Row],[Pass]]/SUM(표1_7[[#This Row],[Pass]:[Fail]]),0) -> 0 | L60: =IFERROR((표1_7[[#This Row],[Fail]]/SUM(표1_7[[#This Row],[Pass]:[Fail]])),0) -> 0 | M60: =IFERROR((표1_7[[#This Row],[Block]]/표1_7[[#This Row],[시나리오 수]]),0) -> 0
B61: MO | C61: =COUNTIF(TS_회원탈퇴[SYS],표1_7[[#This Row],[SYS]]) -> 20 | D61: =COUNTIFS('7_회원 탈퇴'!$F:$F,표1_7[[#This Row],[SYS]],'7_회원 탈퇴'!$N:$N,표1_7[[#Headers],[Pass]]) -> 0 | E61: =COUNTIFS('7_회원 탈퇴'!$F:$F,표1_7[[#This Row],[SYS]],'7_회원 탈퇴'!$N:$N,표1_7[[#Headers],[Fail]]) -> 0 | F61: =COUNTIFS('7_회원 탈퇴'!$F:$F,표1_7[[#This Row],[SYS]],'7_회원 탈퇴'!$N:$N,표1_7[[#Headers],[Block]]) -> 0 | G61: =COUNTIFS('7_회원 탈퇴'!$F:$F,표1_7[[#This Row],[SYS]],'7_회원 탈퇴'!$N:$N,표1_7[[#Headers],[N/A]]) -> 0 | H61: =SUM(표1_7[[#This Row],[Pass]:[N/A]]) -> 0 | I61: =IFERROR(표1_7[[#This Row],[Total]]/표1_7[[#This Row],[시나리오 수]],0) -> 0 | J61: =IFERROR(SUM(표1_7[[#This Row],[Pass]:[Fail]])/(표1_7[[#This Row],[시나리오 수]]-표1_7[[#This Row],[N/A]]),0) -> 0 | K61: =IFERROR(표1_7[[#This Row],[Pass]]/SUM(표1_7[[#This Row],[Pass]:[Fail]]),0) -> 0 | L61: =IFERROR((표1_7[[#This Row],[Fail]]/SUM(표1_7[[#This Row],[Pass]:[Fail]])),0) -> 0 | M61: =IFERROR((표1_7[[#This Row],[Block]]/표1_7[[#This Row],[시나리오 수]]),0) -> 0
B62: BO | C62: =COUNTIF(TS_회원탈퇴[SYS],표1_7[[#This Row],[SYS]]) -> 23 | D62: =COUNTIFS('7_회원 탈퇴'!$F:$F,표1_7[[#This Row],[SYS]],'7_회원 탈퇴'!$N:$N,표1_7[[#Headers],[Pass]]) -> 0 | E62: =COUNTIFS('7_회원 탈퇴'!$F:$F,표1_7[[#This Row],[SYS]],'7_회원 탈퇴'!$N:$N,표1_7[[#Headers],[Fail]]) -> 0 | F62: =COUNTIFS('7_회원 탈퇴'!$F:$F,표1_7[[#This Row],[SYS]],'7_회원 탈퇴'!$N:$N,표1_7[[#Headers],[Block]]) -> 0 | G62: =COUNTIFS('7_회원 탈퇴'!$F:$F,표1_7[[#This Row],[SYS]],'7_회원 탈퇴'!$N:$N,표1_7[[#Headers],[N/A]]) -> 0 | H62: =SUM(표1_7[[#This Row],[Pass]:[N/A]]) -> 0 | I62: =IFERROR(표1_7[[#This Row],[Total]]/표1_7[[#This Row],[시나리오 수]],0) -> 0 | J62: =IFERROR(SUM(표1_7[[#This Row],[Pass]:[Fail]])/(표1_7[[#This Row],[시나리오 수]]-표1_7[[#This Row],[N/A]]),0) -> 0 | K62: =IFERROR(표1_7[[#This Row],[Pass]]/SUM(표1_7[[#This Row],[Pass]:[Fail]]),0) -> 0 | L62: =IFERROR((표1_7[[#This Row],[Fail]]/SUM(표1_7[[#This Row],[Pass]:[Fail]])),0) -> 0 | M62: =IFERROR((표1_7[[#This Row],[Block]]/표1_7[[#This Row],[시나리오 수]]),0) -> 0
B63: PO | C63: =COUNTIF(TS_회원탈퇴[SYS],표1_7[[#This Row],[SYS]]) -> 0 | D63: =COUNTIFS('7_회원 탈퇴'!$F:$F,표1_7[[#This Row],[SYS]],'7_회원 탈퇴'!$N:$N,표1_7[[#Headers],[Pass]]) -> 0 | E63: =COUNTIFS('7_회원 탈퇴'!$F:$F,표1_7[[#This Row],[SYS]],'7_회원 탈퇴'!$N:$N,표1_7[[#Headers],[Fail]]) -> 0 | F63: =COUNTIFS('7_회원 탈퇴'!$F:$F,표1_7[[#This Row],[SYS]],'7_회원 탈퇴'!$N:$N,표1_7[[#Headers],[Block]]) -> 0 | G63: =COUNTIFS('7_회원 탈퇴'!$F:$F,표1_7[[#This Row],[SYS]],'7_회원 탈퇴'!$N:$N,표1_7[[#Headers],[N/A]]) -> 0 | H63: =SUM(표1_7[[#This Row],[Pass]:[N/A]]) -> 0 | I63: =IFERROR(표1_7[[#This Row],[Total]]/표1_7[[#This Row],[시나리오 수]],0) -> 0 | J63: =IFERROR(SUM(표1_7[[#This Row],[Pass]:[Fail]])/(표1_7[[#This Row],[시나리오 수]]-표1_7[[#This Row],[N/A]]),0) -> 0 | K63: =IFERROR(표1_7[[#This Row],[Pass]]/SUM(표1_7[[#This Row],[Pass]:[Fail]]),0) -> 0 | L63: =IFERROR((표1_7[[#This Row],[Fail]]/SUM(표1_7[[#This Row],[Pass]:[Fail]])),0) -> 0 | M63: =IFERROR((표1_7[[#This Row],[Block]]/표1_7[[#This Row],[시나리오 수]]),0) -> 0
B64: Total | C64: =SUM(C60:C63) -> 63 | D64: =SUM(D60:D63) -> 0 | E64: =SUM(E60:E63) -> 0 | F64: =SUM(F60:F63) -> 0 | G64: =SUM(G60:G63) -> 0 | H64: =SUM(H60:H63) -> 0 | I64: =IFERROR(표1_7[[#This Row],[Total]]/표1_7[[#This Row],[시나리오 수]],0) -> 0 | J64: =IFERROR(SUM(표1_7[[#This Row],[Pass]:[Fail]])/표1_7[[#This Row],[시나리오 수]],0) -> 0 | K64: =IFERROR(표1_7[[#This Row],[Pass]]/SUM(표1_7[[#This Row],[Pass]:[Fail]]),0) -> 0 | L64: =IFERROR((표1_7[[#This Row],[Fail]]/SUM(표1_7[[#This Row],[Pass]:[Fail]])),0) -> 0 | M64: =IFERROR((표1_7[[#This Row],[Block]]/표1_7[[#This Row],[시나리오 수]]),0) -> 0
B69: 테스트 수행 현황
B71: Sheet명 | C71: 시나리오 수 | D71: Pass | E71: Fail | F71: Block | G71: N/A | H71: Total | I71: 진척율 | J71: 수행율 | K71: 성공율 | L71: 결함율 | M71: 수행불가율
B72: 회원가입 | C72: =C10 -> 70 | D72: =D10 -> 0 | E72: =E10 -> 0 | F72: =F10 -> 0 | G72: =G10 -> 0 | H72: =SUM(Result_sheet[[#This Row],[Pass]:[N/A]]) -> 0 | I72: =IFERROR(Result_sheet[[#This Row],[Total]]/Result_sheet[[#This Row],[시나리오 수]],0) -> 0 | J72: =IFERROR(SUM(Result_sheet[[#This Row],[Pass]:[Fail]])/(Result_sheet[[#This Row],[시나리오 수]]-Result_sheet[[#This Row],[N/A]]),0) -> 0 | K72: =IFERROR(Result_sheet[[#This Row],[Pass]]/SUM(Result_sheet[[#This Row],[Pass]:[Fail]]),0) -> 0 | L72: =IFERROR((Result_sheet[[#This Row],[Fail]]/SUM(Result_sheet[[#This Row],[Pass]:[Fail]])),0) -> 0 | M72: =IFERROR((Result_sheet[[#This Row],[Block]]/Result_sheet[[#This Row],[시나리오 수]]),0) -> 0
B73: 회원전환 | C73: =C19 -> 80 | D73: =D19 -> 0 | E73: =E19 -> 0 | F73: =F19 -> 0 | G73: =G19 -> 0 | H73: =SUM(Result_sheet[[#This Row],[Pass]:[N/A]]) -> 0 | I73: =IFERROR(Result_sheet[[#This Row],[Total]]/Result_sheet[[#This Row],[시나리오 수]],0) -> 0 | J73: =IFERROR(SUM(Result_sheet[[#This Row],[Pass]:[Fail]])/(Result_sheet[[#This Row],[시나리오 수]]-Result_sheet[[#This Row],[N/A]]),0) -> 0 | K73: =IFERROR(Result_sheet[[#This Row],[Pass]]/SUM(Result_sheet[[#This Row],[Pass]:[Fail]]),0) -> 0 | L73: =IFERROR((Result_sheet[[#This Row],[Fail]]/SUM(Result_sheet[[#This Row],[Pass]:[Fail]])),0) -> 0 | M73: =IFERROR((Result_sheet[[#This Row],[Block]]/Result_sheet[[#This Row],[시나리오 수]]),0) -> 0
B74: 로그인 | C74: =C28 -> 63 | D74: =D28 -> 0 | E74: =E28 -> 0 | F74: =F28 -> 0 | G74: =G28 -> 0 | H74: =SUM(Result_sheet[[#This Row],[Pass]:[N/A]]) -> 0 | I74: =IFERROR(Result_sheet[[#This Row],[Total]]/Result_sheet[[#This Row],[시나리오 수]],0) -> 0 | J74: =IFERROR(SUM(Result_sheet[[#This Row],[Pass]:[Fail]])/(Result_sheet[[#This Row],[시나리오 수]]-Result_sheet[[#This Row],[N/A]]),0) -> 0 | K74: =IFERROR(Result_sheet[[#This Row],[Pass]]/SUM(Result_sheet[[#This Row],[Pass]:[Fail]]),0) -> 0 | L74: =IFERROR((Result_sheet[[#This Row],[Fail]]/SUM(Result_sheet[[#This Row],[Pass]:[Fail]])),0) -> 0 | M74: =IFERROR((Result_sheet[[#This Row],[Block]]/Result_sheet[[#This Row],[시나리오 수]]),0) -> 0
B75: ID 찾기 | C75: =C37 -> 40 | D75: =D37 -> 0 | E75: =E37 -> 0 | F75: =F37 -> 0 | G75: =G37 -> 0 | H75: =SUM(Result_sheet[[#This Row],[Pass]:[N/A]]) -> 0 | I75: =IFERROR(Result_sheet[[#This Row],[Total]]/Result_sheet[[#This Row],[시나리오 수]],0) -> 0 | J75: =IFERROR(SUM(Result_sheet[[#This Row],[Pass]:[Fail]])/(Result_sheet[[#This Row],[시나리오 수]]-Result_sheet[[#This Row],[N/A]]),0) -> 0 | K75: =IFERROR(Result_sheet[[#This Row],[Pass]]/SUM(Result_sheet[[#This Row],[Pass]:[Fail]]),0) -> 0 | L75: =IFERROR((Result_sheet[[#This Row],[Fail]]/SUM(Result_sheet[[#This Row],[Pass]:[Fail]])),0) -> 0 | M75: =IFERROR((Result_sheet[[#This Row],[Block]]/Result_sheet[[#This Row],[시나리오 수]]),0) -> 0
B76: PW 찾기 | C76: =C46 -> 48 | D76: =D46 -> 0 | E76: =E46 -> 0 | F76: =F46 -> 0 | G76: =G46 -> 0 | H76: =SUM(Result_sheet[[#This Row],[Pass]:[N/A]]) -> 0 | I76: =IFERROR(Result_sheet[[#This Row],[Total]]/Result_sheet[[#This Row],[시나리오 수]],0) -> 0 | J76: =IFERROR(SUM(Result_sheet[[#This Row],[Pass]:[Fail]])/(Result_sheet[[#This Row],[시나리오 수]]-Result_sheet[[#This Row],[N/A]]),0) -> 0 | K76: =IFERROR(Result_sheet[[#This Row],[Pass]]/SUM(Result_sheet[[#This Row],[Pass]:[Fail]]),0) -> 0 | L76: =IFERROR((Result_sheet[[#This Row],[Fail]]/SUM(Result_sheet[[#This Row],[Pass]:[Fail]])),0) -> 0 | M76: =IFERROR((Result_sheet[[#This Row],[Block]]/Result_sheet[[#This Row],[시나리오 수]]),0) -> 0
B77: 임직원 인증 | C77: =C55 -> 28 | D77: =D55 -> 0 | E77: =E55 -> 0 | F77: =F55 -> 0 | G77: =G55 -> 0 | H77: =SUM(Result_sheet[[#This Row],[Pass]:[N/A]]) -> 0 | I77: =IFERROR(Result_sheet[[#This Row],[Total]]/Result_sheet[[#This Row],[시나리오 수]],0) -> 0 | J77: =IFERROR(SUM(Result_sheet[[#This Row],[Pass]:[Fail]])/(Result_sheet[[#This Row],[시나리오 수]]-Result_sheet[[#This Row],[N/A]]),0) -> 0 | K77: =IFERROR(Result_sheet[[#This Row],[Pass]]/SUM(Result_sheet[[#This Row],[Pass]:[Fail]]),0) -> 0 | L77: =IFERROR((Result_sheet[[#This Row],[Fail]]/SUM(Result_sheet[[#This Row],[Pass]:[Fail]])),0) -> 0 | M77: =IFERROR((Result_sheet[[#This Row],[Block]]/Result_sheet[[#This Row],[시나리오 수]]),0) -> 0
B78: 회원 탈퇴 | C78: =C64 -> 63 | D78: =D64 -> 0 | E78: =E64 -> 0 | F78: =F64 -> 0 | G78: =G64 -> 0 | H78: =SUM(Result_sheet[[#This Row],[Pass]:[N/A]]) -> 0 | I78: =IFERROR(Result_sheet[[#This Row],[Total]]/Result_sheet[[#This Row],[시나리오 수]],0) -> 0 | J78: =IFERROR(SUM(Result_sheet[[#This Row],[Pass]:[Fail]])/(Result_sheet[[#This Row],[시나리오 수]]-Result_sheet[[#This Row],[N/A]]),0) -> 0 | K78: =IFERROR(Result_sheet[[#This Row],[Pass]]/SUM(Result_sheet[[#This Row],[Pass]:[Fail]]),0) -> 0 | L78: =IFERROR((Result_sheet[[#This Row],[Fail]]/SUM(Result_sheet[[#This Row],[Pass]:[Fail]])),0) -> 0 | M78: =IFERROR((Result_sheet[[#This Row],[Block]]/Result_sheet[[#This Row],[시나리오 수]]),0) -> 0
B79: Total | C79: =SUM(C72:C78) -> 392 | D79: =SUM(D72:D78) -> 0 | E79: =SUM(E72:E78) -> 0 | F79: =SUM(F72:F78) -> 0 | G79: =SUM(G72:G78) -> 0 | H79: =SUM(H72:H78) -> 0 | I79: =IFERROR(Result_sheet[[#This Row],[Total]]/Result_sheet[[#This Row],[시나리오 수]],0) -> 0 | J79: =IFERROR(SUM(Result_sheet[[#This Row],[Pass]:[Fail]])/(Result_sheet[[#This Row],[시나리오 수]]-Result_sheet[[#This Row],[N/A]]),0) -> 0 | K79: =IFERROR(Result_sheet[[#This Row],[Pass]]/SUM(Result_sheet[[#This Row],[Pass]:[Fail]]),0) -> 0 | L79: =IFERROR((Result_sheet[[#This Row],[Fail]]/SUM(Result_sheet[[#This Row],[Pass]:[Fail]])),0) -> 0 | M79: =IFERROR((Result_sheet[[#This Row],[Block]]/Result_sheet[[#This Row],[시나리오 수]]),0) -> 0
B81: SYS | C81: 시나리오 수 | D81: Pass | E81: Fail | F81: Block | G81: N/A | H81: Total | I81: 진척율 | J81: 수행율 | K81: 성공율 | L81: 결함율 | M81: 수행불가율
B82: FO | C82: =SUM(C6,C15,C24,C33,C42,C51,C60) -> 168 | D82: =SUM(D6,D15,D24,D33,D42,D51,D60) -> 0 | E82: =SUM(E6,E15,E24,E33,E42,E51,E60) -> 0 | F82: =SUM(F6,F15,F24,F33,F42,F51,F60) -> 0 | G82: =SUM(G6,G15,G24,G33,G42,G51,G60) -> 0 | H82: =SUM(Result_sys[[#This Row],[Pass]:[N/A]]) -> 0 | I82: =IFERROR(Result_sys[[#This Row],[Total]]/Result_sys[[#This Row],[시나리오 수]],0) -> 0 | J82: =IFERROR(SUM(Result_sys[[#This Row],[Pass]:[Fail]])/(Result_sys[[#This Row],[시나리오 수]]-Result_sys[[#This Row],[N/A]]),0) -> 0 | K82: =IFERROR(Result_sys[[#This Row],[Pass]]/SUM(Result_sys[[#This Row],[Pass]:[Fail]]),0) -> 0 | L82: =IFERROR((Result_sys[[#This Row],[Fail]]/SUM(Result_sys[[#This Row],[Pass]:[Fail]])),0) -> 0 | M82: =IFERROR((Result_sys[[#This Row],[Block]]/Result_sys[[#This Row],[시나리오 수]]),0) -> 0
B83: MO | C83: =SUM(C7,C16,C25,C34,C43,C52,C61) -> 168 | D83: =SUM(D7,D16,D25,D34,D43,D52,D61) -> 0 | E83: =SUM(E7,E16,E25,E34,E43,E52,E61) -> 0 | F83: =SUM(F7,F16,F25,F34,F43,F52,F61) -> 0 | G83: =SUM(G7,G16,G25,G34,G43,G52,G61) -> 0 | H83: =SUM(Result_sys[[#This Row],[Pass]:[N/A]]) -> 0 | I83: =IFERROR(Result_sys[[#This Row],[Total]]/Result_sys[[#This Row],[시나리오 수]],0) -> 0 | J83: =IFERROR(SUM(Result_sys[[#This Row],[Pass]:[Fail]])/(Result_sys[[#This Row],[시나리오 수]]-Result_sys[[#This Row],[N/A]]),0) -> 0 | K83: =IFERROR(Result_sys[[#This Row],[Pass]]/SUM(Result_sys[[#This Row],[Pass]:[Fail]]),0) -> 0 | L83: =IFERROR((Result_sys[[#This Row],[Fail]]/SUM(Result_sys[[#This Row],[Pass]:[Fail]])),0) -> 0 | M83: =IFERROR((Result_sys[[#This Row],[Block]]/Result_sys[[#This Row],[시나리오 수]]),0) -> 0
B84: BO | C84: =SUM(C8,C17,C26,C35,C44,C53,C62) -> 56 | D84: =SUM(D8,D17,D26,D35,D44,D53,D62) -> 0 | E84: =SUM(E8,E17,E26,E35,E44,E53,E62) -> 0 | F84: =SUM(F8,F17,F26,F35,F44,F53,F62) -> 0 | G84: =SUM(G8,G17,G26,G35,G44,G53,G62) -> 0 | H84: =SUM(Result_sys[[#This Row],[Pass]:[N/A]]) -> 0 | I84: =IFERROR(Result_sys[[#This Row],[Total]]/Result_sys[[#This Row],[시나리오 수]],0) -> 0 | J84: =IFERROR(SUM(Result_sys[[#This Row],[Pass]:[Fail]])/(Result_sys[[#This Row],[시나리오 수]]-Result_sys[[#This Row],[N/A]]),0) -> 0 | K84: =IFERROR(Result_sys[[#This Row],[Pass]]/SUM(Result_sys[[#This Row],[Pass]:[Fail]]),0) -> 0 | L84: =IFERROR((Result_sys[[#This Row],[Fail]]/SUM(Result_sys[[#This Row],[Pass]:[Fail]])),0) -> 0 | M84: =IFERROR((Result_sys[[#This Row],[Block]]/Result_sys[[#This Row],[시나리오 수]]),0) -> 0
B85: PO | C85: =SUM(C9,C18,C27,C36,C45,C54,C63) -> 0 | D85: =SUM(D9,D18,D27,D36,D45,D54,D63) -> 0 | E85: =SUM(E9,E18,E27,E36,E45,E54,E63) -> 0 | F85: =SUM(F9,F18,F27,F36,F45,F54,F63) -> 0 | G85: =SUM(G9,G18,G27,G36,G45,G54,G63) -> 0 | H85: =SUM(Result_sys[[#This Row],[Pass]:[N/A]]) -> 0 | I85: =IFERROR(Result_sys[[#This Row],[Total]]/Result_sys[[#This Row],[시나리오 수]],0) -> 0 | J85: =IFERROR(SUM(Result_sys[[#This Row],[Pass]:[Fail]])/(Result_sys[[#This Row],[시나리오 수]]-Result_sys[[#This Row],[N/A]]),0) -> 0 | K85: =IFERROR(Result_sys[[#This Row],[Pass]]/SUM(Result_sys[[#This Row],[Pass]:[Fail]]),0) -> 0 | L85: =IFERROR((Result_sys[[#This Row],[Fail]]/SUM(Result_sys[[#This Row],[Pass]:[Fail]])),0) -> 0 | M85: =IFERROR((Result_sys[[#This Row],[Block]]/Result_sys[[#This Row],[시나리오 수]]),0) -> 0
B86: Total | C86: =SUM(C82:C85) -> 392 | D86: =SUM(D82:D85) -> 0 | E86: =SUM(E82:E85) -> 0 | F86: =SUM(F82:F85) -> 0 | G86: =SUM(G82:G85) -> 0 | H86: =SUM(H82:H85) -> 0 | I86: =IFERROR(Result_sys[[#This Row],[Total]]/Result_sys[[#This Row],[시나리오 수]],0) -> 0 | J86: =IFERROR(SUM(Result_sys[[#This Row],[Pass]:[Fail]])/(Result_sys[[#This Row],[시나리오 수]]-Result_sys[[#This Row],[N/A]]),0) -> 0 | K86: =IFERROR(Result_sys[[#This Row],[Pass]]/SUM(Result_sys[[#This Row],[Pass]:[Fail]]),0) -> 0 | L86: =IFERROR((Result_sys[[#This Row],[Fail]]/SUM(Result_sys[[#This Row],[Pass]:[Fail]])),0) -> 0 | M86: =IFERROR((Result_sys[[#This Row],[Block]]/Result_sys[[#This Row],[시나리오 수]]),0) -> 0

Sheet 0_목록
B7: No. | C7: 프로세스 | D7: 시나리오 ID | E7: 시나리오명 | F7: 비고
B8: 1 | C8: 회원가입 | D8: IT-MB-001 | E8: 회원가입
B9: 2 | D9: IT-MB-002 | E9: 회원관리
B10: 3 | C10: 회원전환 | D10: IT-MB-003 | E10: 회원전환
B11: 4 | C11: 로그인 | D11: IT-MB-004 | E11: 로그인
B12: 5 | C12: ID 찾기 | D12: IT-MB-005 | E12: ID 찾기
B13: 6 | C13: PW 찾기 | D13: IT-MB-006 | E13: PW 찾기
B14: 7 | C14: 임직원인증 | D14: IT-MB-007 | E14: 임직원인증
B15: 8 | C15: 회원탈퇴 | D15: IT-MB-008 | E15: 회원탈퇴
B16: 9 | D16: IT-MB-009 | E16: 휴면예정회원

Sheet 1_회원가입
B2: 참조 문서 | C2: ABC_04.설계_03.프로세스정의서_01.회원_20190425_v1.10.pptx.pptx ABC_04.설계_02.화면설계서_FO_02.회원_20190502_v1.10.pptx ABC_04.설계_02.화면설계서_MO_02.회원_20190502_v1.02.pptx ABC_04.설계_02.화면설계서_BO_01_회원_20190429_v2.02.pptx
B4: 프로세스
B34: 시나리오 순서
B35: 1. 회원가입 (IT-MB-001) - 통합멤버십회원 : 1 > 2 > 3 > 4 > 5 > 6 > 7 > 8 > 9 - 온라인회원 : 10 > 11 > 12 > 13 > 14 > 15 > 16 > 17 2. 회원관리 (IT-MB-002)
B36: 테스트 사전 준비사항
B37: 통합멤버십회원, 온라인회원 가입이 가능한 계정정보(핸드폰, 아이핀 인증이 가능한 사용자)
B39: No. | C39: 사이트 | D39: ID | E39: 시나리오명 | F39: SYS | G39: 중요도 | H39: 테스트 항목 | I39: 수행 절차 | J39: 입력값 | K39: 기대 결과 | L39: 수행일자 | M39: 수행자 | N39: 테스트결과 | O39: 결함사항 | P39: 수정여부 | Q39: 비고
B40: 1 | C40: A-RT | D40: IT-MB-001-001 | E40: 회원가입 | F40: FO | G40: 상 | H40: [통합멤버십] 회원가입 | I40: 1. 회원가입 버튼선택 - 통합멤버십 | K40: 통합멤버십 약관동의 화면으로 이동
B41: 2 | C41: A-RT | D41: IT-MB-001-002 | E41: 회원가입 | F41: FO | G41: 중 | H41: [통합멤버십] 약관동의 | I41: 1. 회원가입 > 약관동의 2. 약관동의 체크 3. 하단 인증 버튼 선택 | J41: 체크박스 체크 | K41: 필수 체크 기능확인
B42: 3 | C42: A-RT | D42: IT-MB-001-003 | E42: 회원가입 | F42: FO | G42: 중 | H42: [통합멤버십] 인증 | I42: 1. 회원가입 > 약관동의 2. 휴대폰 인증 선택 | J42: 인증 정보입력 | K42: 정상 인증 후 하단에 인증 정보 입력 확인 - 이름/생년월일/휴대폰번호
B43: 4 | C43: A-RT | D43: IT-MB-001-004 | E43: 회원가입 | F43: FO | G43: 중 | I43: 1. 회원가입 > 약관동의 2. 아이핀 인증 선택 | J43: 인증 정보입력 | K43: 정상 인증 후 하단에 인증이 완료 확인
B44: 5 | C44: A-RT | D44: IT-MB-001-005 | E44: 회원가입 | F44: FO | G44: 중 | I44: 1. 회원가입 > 약관동의 2. 아이핀 인증 선택 | K44: 아이핀 인증시 하단 휴대폰 인증 확인
B45: 6 | C45: A-RT | D45: IT-MB-001-006 | E45: 회원가입 | F45: FO | G45: 상 | H45: [통합멤버십] 회원정보입력 | I45: 1. 회원가입 > 약관동의 > 인증 > 정보입력 2. 각 필드 입력 항목에 텍스트 입력 | J45: 이름, 생년월일, 아이디, 비밀번호, 비밀번호 확인, 이메일, 휴대폰번호, 마케팅 동의여부, 단골매장설정 | K45: 필드 정보 입력 후 회원가입 버튼 선택 시 완료 페이지로 이동 확인
B46: 7 | C46: A-RT | D46: IT-MB-001-007 | E46: 회원가입 | F46: FO | G46: 중 | I46: 1. 회원가입 > 약관동의 > 인증 > 정보입력 2. 각 필드 입력 항목에 텍스트 입력 | K46: 비밀번호, 이메일은 조합 양식 입력 확인
B47: 8 | C47: A-RT | D47: IT-MB-001-008 | E47: 회원가입 | F47: FO | G47: 상 | H47: [통합멤버십] 아이디/이메일 중복체크 | I47: 1. 회원가입 > 약관동의 > 인증 > 회원정보입력 2. 아이디/이메일 중복체크 확인 | J47: 아이디/이메일 | K47: 아이디와 이메일 입력 완료시중복체크가 정상 동작 확인
B48: 9 | C48: A-RT | D48: IT-MB-001-009 | E48: 회원가입 | F48: FO | G48: 중 | H48: [통합멤버십] 가입축하 메일발송 | I48: 1. 회원가입 > 약관동의 > 인증 > 회원정보입력 2. 회원가입 완료 버튼 선택 | J48: 회원가입 버튼 선택 | K48: 회원가입 완료시 가입축하메일이 발송 확인
B49: 10 | C49: A-RT | D49: IT-MB-001-010 | E49: 회원가입 | F49: FO | G49: 상 | H49: [통합멤버십] 쇼핑몰 로그인 | I49: 1. 회원가입 > 약관동의 > 인증 > 회원정보입력 2. 회원가입 완료 > 로그인 | J49: 통합멤버십 회원 아이디 비밀번호 입력 | K49: 신규 가입한 아이디/비밀번호로 로그인 확인 - 통합멤버십회원 등급 확인
B50: 11 | C50: A-RT | D50: IT-MB-001-011 | E50: 회원가입 | F50: FO | G50: 중 | H50: [온라인회원] 회원가입 | I50: 1. 회원가입 버튼선택 - 온라인회원 | K50: 온라인회원 약관동의 화면으로 이동
B51: 12 | C51: A-RT | D51: IT-MB-001-012 | E51: 회원가입 | F51: FO | G51: 중 | H51: [온라인회원] 약관동의 | I51: 1. 회원가입 > 약관동의 2. 약관동의 체크 3. 하단 인증 버튼 선택 | J51: 체크박스 체크 | K51: 필수 체크 기능확인
B52: 13 | C52: A-RT | D52: IT-MB-001-013 | E52: 회원가입 | F52: FO | G52: 상 | H52: [온라인회원] 회원정보입력 | I52: 1. 회원가입 > 약관동의 > 정보입력 2. 각 필드 입력 항목에 텍스트 입력 | J52: 이름, 아이디, 비밀번호, 비밀번호 확인, 이메일, 휴대폰번호, 마케팅 동의여부 | K52: 필드 정보 입력 후 회원가입 선택, 완료 페이지로 이동 확인
B53: 14 | C53: A-RT | D53: IT-MB-001-014 | E53: 회원가입 | F53: FO | G53: 상 | H53: [온라인회원] 휴대폰 인증 | I53: 1. 회원가입 > 약관동의 > 정보입력 2. 휴대폰 인증 선택 | J53: 인증 정보입력 | K53: 정상 인증 후 하단에 인증 정보 입력 확인 - 이름/생년월일/휴대폰번호
B54: 15 | C54: A-RT | D54: IT-MB-001-015 | E54: 회원가입 | F54: FO | G54: 중 | H54: [온라인회원] 가입축하 메일발송 | I54: 1. 회원가입 > 약관동의 > 정보입력 2. 회원가입 완료 | J54: 회원가입 버튼 선택 | K54: 회원가입 완료시 가입축하메일이 발송 확인
B55: 16 | C55: A-RT | D55: IT-MB-001-016 | E55: 회원가입 | F55: FO | G55: 상 | H55: [온라인회원] 쇼핑몰 로그인 | I55: 1. 회원가입 > 약관동의 > 인증 > 회원정보입력 2. 회원가입 완료 > 로그인 | J55: 온라인 회원 아이디 비밀번호 입력 | K55: 신규 가입한 아이디/비밀번호로 로그인 확인 - 온라인회원 등급 확인
B56: 17 | C56: A-RT | D56: IT-MB-001-017 | E56: 회원가입 | F56: MO | G56: 상 | H56: [통합멤버십] 회원가입 | I56: 1. 회원가입 버튼선택 - 통합멤버십 | K56: 통합멤버십 약관동의 화면으로 이동
B57: 18 | C57: A-RT | D57: IT-MB-001-018 | E57: 회원가입 | F57: MO | G57: 중 | H57: [통합멤버십] 약관동의 | I57: 1. 회원가입 > 약관동의 2. 약관동의 체크 3. 하단 인증 버튼 선택 | J57: 체크박스 체크 | K57: 필수 체크 기능확인
B58: 19 | C58: A-RT | D58: IT-MB-001-019 | E58: 회원가입 | F58: MO | G58: 중 | H58: [통합멤버십] 인증 | I58: 1. 회원가입 > 약관동의 2. 휴대폰 인증 선택 | J58: 인증 정보입력 | K58: 정상 인증 후 하단에 인증 정보 입력 확인 - 이름/생년월일/휴대폰번호
B59: 20 | C59: A-RT | D59: IT-MB-001-020 | E59: 회원가입 | F59: MO | G59: 중 | I59: 1. 회원가입 > 약관동의 2. 아이핀 인증 선택 | J59: 인증 정보입력 | K59: 정상 인증 후 하단에 인증이 완료 확인
B60: 21 | C60: A-RT | D60: IT-MB-001-021 | E60: 회원가입 | F60: MO | G60: 중 | I60: 1. 회원가입 > 약관동의 2. 아이핀 인증 선택 | K60: 아이핀 인증시 하단 휴대폰 인증 확인
B61: 22 | C61: A-RT | D61: IT-MB-001-022 | E61: 회원가입 | F61: MO | G61: 상 | H61: [통합멤버십] 회원정보입력 | I61: 1. 회원가입 > 약관동의 > 인증 > 정보입력 2. 각 필드 입력 항목에 텍스트 입력 | J61: 이름, 생년월일, 아이디, 비밀번호, 비밀번호 확인, 이메일, 휴대폰번호, 마케팅 동의여부, 단골매장설정 | K61: 필드 정보 입력 후 회원가입 버튼 선택 시 완료 페이지로 이동 확인
B62: 23 | C62: A-RT | D62: IT-MB-001-023 | E62: 회원가입 | F62: MO | G62: 중 | I62: 1. 회원가입 > 약관동의 > 인증 > 정보입력 2. 각 필드 입력 항목에 텍스트 입력 | K62: 비밀번호, 이메일은 조합 양식 입력 확인
B63: 24 | C63: A-RT | D63: IT-MB-001-024 | E63: 회원가입 | F63: MO | G63: 상 | H63: [통합멤버십] 아이디/이메일 중복체크 | I63: 1. 회원가입 > 약관동의 > 인증 > 회원정보입력 2. 아이디/이메일 중복체크 확인 | J63: 아이디/이메일 | K63: 아이디와 이메일 입력 완료시중복체크가 정상 동작 확인
B64: 25 | C64: A-RT | D64: IT-MB-001-025 | E64: 회원가입 | F64: MO | G64: 중 | H64: [통합멤버십] 가입축하 메일발송 | I64: 1. 회원가입 > 약관동의 > 인증 > 회원정보입력 2. 회원가입 버튼 선택 | J64: 회원가입 버튼 선택 | K64: 회원가입 완료시 가입축하메일이 발송 확인
B65: 26 | C65: A-RT | D65: IT-MB-001-026 | E65: 회원가입 | F65: MO | G65: 상 | H65: [통합멤버십] 쇼핑몰 로그인 | I65: 1. 회원가입 > 약관동의 > 인증 > 회원정보입력 2. 회원가입 완료 > 로그인 | J65: 통합멤버십 회원 아이디 비밀번호 입력 | K65: 신규 가입한 아이디/비밀번호로 로그인 확인 - 통합멤버십회원 등급 확인
B66: 27 | C66: A-RT | D66: IT-MB-001-027 | E66: 회원가입 | F66: MO | G66: 중 | H66: [온라인회원] 회원가입 | I66: 1. 회원가입 버튼선택 - 온라인회원 | K66: 온라인회원 약관동의 화면으로 이동
B67: 28 | C67: A-RT | D67: IT-MB-001-028 | E67: 회원가입 | F67: MO | G67: 중 | H67: [온라인회원] 약관동의 | I67: 1. 회원가입 > 약관동의 2. 약관동의 체크 3. 하단 인증 버튼 선택 | J67: 체크박스 체크 | K67: 필수 체크 기능확인
B68: 29 | C68: A-RT | D68: IT-MB-001-029 | E68: 회원가입 | F68: MO | G68: 상 | H68: [온라인회원] 회원정보입력 | I68: 1. 회원가입 > 약관동의 > 정보입력 2. 각 필드 입력 항목에 텍스트 입력 | J68: 이름, 아이디, 비밀번호, 비밀번호 확인, 이메일, 휴대폰번호, 마케팅 동의여부 | K68: 필드 정보 입력 후 회원가입 선택, 완료 페이지로 이동 확인
B69: 30 | C69: A-RT | D69: IT-MB-001-030 | E69: 회원가입 | F69: MO | G69: 상 | H69: [온라인회원] 휴대폰 인증 | I69: 1. 회원가입 > 약관동의 > 정보입력 2. 휴대폰 인증 선택 | J69: 인증 정보입력 | K69: 정상 인증 후 하단에 인증 정보 입력 확인 - 이름/생년월일/휴대폰번호
B70: 31 | C70: A-RT | D70: IT-MB-001-031 | E70: 회원가입 | F70: MO | G70: 중 | H70: [온라인회원] 가입축하 메일발송 | I70: 1. 회원가입 > 약관동의 > 정보입력 2. 회원가입 완료 | J70: 회원가입 버튼 선택 | K70: 회원가입 완료시 가입축하메일이 발송 확인
B71: 32 | C71: A-RT | D71: IT-MB-001-032 | E71: 회원가입 | F71: MO | G71: 상 | H71: [온라인회원] 쇼핑몰 로그인 | I71: 1. 회원가입 > 약관동의 > 인증 > 회원정보입력 2. 회원가입 완료 > 로그인 | J71: 온라인 회원 아이디 비밀번호 입력 | K71: 신규 가입한 아이디/비밀번호로 로그인 확인 - 온라인회원 등급 확인
B72: 33 | C72: OTS | D72: IT-MB-001-033 | E72: 회원가입 | F72: FO | G72: 상 | H72: [통합멤버십] 회원가입 | I72: 1. 회원가입 버튼선택 - 통합멤버십 | K72: 통합멤버십 약관동의 화면으로 이동
B73: 34 | C73: OTS | D73: IT-MB-001-034 | E73: 회원가입 | F73: FO | G73: 중 | H73: [통합멤버십] 약관동의 | I73: 1. 회원가입 > 약관동의 2. 약관동의 체크 3. 하단 인증 버튼 선택 | J73: 체크박스 체크 | K73: 필수 체크 기능확인
B74: 35 | C74: OTS | D74: IT-MB-001-035 | E74: 회원가입 | F74: FO | G74: 중 | H74: [통합멤버십] 인증 | I74: 1. 회원가입 > 약관동의 2. 휴대폰 인증 선택 | J74: 인증 정보입력 | K74: 정상 인증 후 하단에 인증 정보 입력 확인 - 이름/생년월일/휴대폰번호
B75: 36 | C75: OTS | D75: IT-MB-001-036 | E75: 회원가입 | F75: FO | G75: 중 | I75: 1. 회원가입 > 약관동의 2. 아이핀 인증 선택 | J75: 인증 정보입력 | K75: 정상 인증 후 하단에 인증이 완료 확인
B76: 37 | C76: OTS | D76: IT-MB-001-037 | E76: 회원가입 | F76: FO | G76: 중 | I76: 1. 회원가입 > 약관동의 2. 아이핀 인증 선택 | K76: 아이핀 인증시 하단 휴대폰 인증 확인
B77: 38 | C77: OTS | D77: IT-MB-001-038 | E77: 회원가입 | F77: FO | G77: 상 | H77: [통합멤버십] 회원정보입력 | I77: 1. 회원가입 > 약관동의 > 인증 > 정보입력 2. 각 필드 입력 항목에 텍스트 입력 | J77: 이름, 생년월일, 아이디, 비밀번호, 비밀번호 확인, 이메일, 휴대폰번호, 마케팅 동의여부, 단골매장설정 | K77: 필드 정보 입력 후 회원가입 버튼 선택 시 완료 페이지로 이동 확인
B78: 39 | C78: OTS | D78: IT-MB-001-039 | E78: 회원가입 | F78: FO | G78: 중 | I78: 1. 회원가입 > 약관동의 > 인증 > 정보입력 2. 각 필드 입력 항목에 텍스트 입력 | K78: 비밀번호, 이메일은 조합 양식 입력 확인
B79: 40 | C79: OTS | D79: IT-MB-001-040 | E79: 회원가입 | F79: FO | G79: 상 | H79: [통합멤버십] 아이디/이메일 중복체크 | I79: 1. 회원가입 > 약관동의 > 인증 > 회원정보입력 2. 아이디/이메일 중복체크 확인 | J79: 아이디/이메일 | K79: 아이디와 이메일 입력 완료시중복체크가 정상 동작 확인
B80: 41 | C80: OTS | D80: IT-MB-001-041 | E80: 회원가입 | F80: FO | G80: 중 | H80: [통합멤버십] 가입축하 메일발송 | I80: 1. 회원가입 > 약관동의 > 인증 > 회원정보입력 2. 회원가입 완료 버튼 선택 | J80: 회원가입 버튼 선택 | K80: 회원가입 완료시 가입축하메일이 발송 확인
B81: 42 | C81: OTS | D81: IT-MB-001-042 | E81: 회원가입 | F81: FO | G81: 상 | H81: [통합멤버십] 쇼핑몰 로그인 | I81: 1. 회원가입 > 약관동의 > 인증 > 회원정보입력 2. 회원가입 완료 > 로그인 | J81: 통합멤버십 회원 아이디 비밀번호 입력 | K81: 신규 가입한 아이디/비밀번호로 로그인 확인 - 통합멤버십회원 등급 확인
B82: 43 | C82: OTS | D82: IT-MB-001-043 | E82: 회원가입 | F82: FO | G82: 중 | H82: [온라인회원] 회원가입 | I82: 1. 회원가입 버튼선택 - 온라인회원 | K82: 온라인회원 약관동의 화면으로 이동
B83: 44 | C83: OTS | D83: IT-MB-001-044 | E83: 회원가입 | F83: FO | G83: 중 | H83: [온라인회원] 약관동의 | I83: 1. 회원가입 > 약관동의 2. 약관동의 체크 3. 하단 인증 버튼 선택 | J83: 체크박스 체크 | K83: 필수 체크 기능확인
B84: 45 | C84: OTS | D84: IT-MB-001-045 | E84: 회원가입 | F84: FO | G84: 상 | H84: [온라인회원] 회원정보입력 | I84: 1. 회원가입 > 약관동의 > 정보입력 2. 각 필드 입력 항목에 텍스트 입력 | J84: 이름, 아이디, 비밀번호, 비밀번호 확인, 이메일, 휴대폰번호, 마케팅 동의여부 | K84: 필드 정보 입력 후 회원가입 선택, 완료 페이지로 이동 확인
B85: 46 | C85: OTS | D85: IT-MB-001-046 | E85: 회원가입 | F85: FO | G85: 상 | H85: [온라인회원] 휴대폰 인증 | I85: 1. 회원가입 > 약관동의 > 정보입력 2. 휴대폰 인증 선택 | J85: 인증 정보입력 | K85: 정상 인증 후 하단에 인증 정보 입력 확인 - 이름/생년월일/휴대폰번호
B86: 47 | C86: OTS | D86: IT-MB-001-047 | E86: 회원가입 | F86: FO | G86: 중 | H86: [온라인회원] 가입축하 메일발송 | I86: 1. 회원가입 > 약관동의 > 정보입력 2. 회원가입 완료 | J86: 회원가입 버튼 선택 | K86: 회원가입 완료시 가입축하메일이 발송 확인
B87: 48 | C87: OTS | D87: IT-MB-001-048 | E87: 회원가입 | F87: FO | G87: 상 | H87: [온라인회원] 쇼핑몰 로그인 | I87: 1. 회원가입 > 약관동의 > 인증 > 회원정보입력 2. 회원가입 완료 > 로그인 | J87: 온라인 회원 아이디 비밀번호 입력 | K87: 신규 가입한 아이디/비밀번호로 로그인 확인 - 온라인회원 등급 확인
B88: 49 | C88: OTS | D88: IT-MB-001-049 | E88: 회원가입 | F88: MO | G88: 상 | H88: [통합멤버십] 회원가입 | I88: 1. 회원가입 버튼선택 - 통합멤버십 | K88: 통합멤버십 약관동의 화면으로 이동
B89: 50 | C89: OTS | D89: IT-MB-001-050 | E89: 회원가입 | F89: MO | G89: 중 | H89: [통합멤버십] 약관동의 | I89: 1. 회원가입 > 약관동의 2. 약관동의 체크 3. 하단 인증 버튼 선택 | J89: 체크박스 체크 | K89: 필수 체크 기능확인
B90: 51 | C90: OTS | D90: IT-MB-001-051 | E90: 회원가입 | F90: MO | G90: 중 | H90: [통합멤버십] 인증 | I90: 1. 회원가입 > 약관동의 2. 휴대폰 인증 선택 | J90: 인증 정보입력 | K90: 정상 인증 후 하단에 인증 정보 입력 확인 - 이름/생년월일/휴대폰번호
B91: 52 | C91: OTS | D91: IT-MB-001-052 | E91: 회원가입 | F91: MO | G91: 중 | I91: 1. 회원가입 > 약관동의 2. 아이핀 인증 선택 | J91: 인증 정보입력 | K91: 정상 인증 후 하단에 인증이 완료 확인
B92: 53 | C92: OTS | D92: IT-MB-001-053 | E92: 회원가입 | F92: MO | G92: 중 | I92: 1. 회원가입 > 약관동의 2. 아이핀 인증 선택 | K92: 아이핀 인증시 하단 휴대폰 인증 확인
B93: 54 | C93: OTS | D93: IT-MB-001-054 | E93: 회원가입 | F93: MO | G93: 상 | H93: [통합멤버십] 회원정보입력 | I93: 1. 회원가입 > 약관동의 > 인증 > 정보입력 2. 각 필드 입력 항목에 텍스트 입력 | J93: 이름, 생년월일, 아이디, 비밀번호, 비밀번호 확인, 이메일, 휴대폰번호, 마케팅 동의여부, 단골매장설정 | K93: 필드 정보 입력 후 회원가입 버튼 선택 시 완료 페이지로 이동 확인
B94: 55 | C94: OTS | D94: IT-MB-001-055 | E94: 회원가입 | F94: MO | G94: 중 | I94: 1. 회원가입 > 약관동의 > 인증 > 정보입력 2. 각 필드 입력 항목에 텍스트 입력 | K94: 비밀번호, 이메일은 조합 양식 입력 확인
B95: 56 | C95: OTS | D95: IT-MB-001-056 | E95: 회원가입 | F95: MO | G95: 상 | H95: [통합멤버십] 아이디/이메일 중복체크 | I95: 1. 회원가입 > 약관동의 > 인증 > 회원정보입력 2. 아이디/이메일 중복체크 확인 | J95: 아이디/이메일 입력 | K95: 아이디와 이메일 입력 완료시중복체크가 정상 동작 확인
B96: 57 | C96: OTS | D96: IT-MB-001-057 | E96: 회원가입 | F96: MO | G96: 중 | H96: [통합멤버십] 가입축하 메일발송 | I96: 1. 회원가입 > 약관동의 > 인증 > 회원정보입력 2. 회원가입 버튼 선택 | K96: 회원가입 완료시 가입축하메일이 발송 확인
B97: 58 | C97: OTS | D97: IT-MB-001-058 | E97: 회원가입 | F97: MO | G97: 상 | H97: [통합멤버십] 쇼핑몰 로그인 | I97: 1. 회원가입 > 약관동의 > 인증 > 회원정보입력 2. 회원가입 완료 > 로그인 | J97: 통합멤버십 회원 아이디 비밀번호 입력 | K97: 신규 가입한 아이디/비밀번호로 로그인 확인 - 통합멤버십회원 등급 확인
B98: 59 | C98: OTS | D98: IT-MB-001-059 | E98: 회원가입 | F98: MO | G98: 중 | H98: [온라인회원] 회원가입 | I98: 1. 회원가입 버튼선택 - 온라인회원 | K98: 온라인회원 약관동의 화면으로 이동
B99: 60 | C99: OTS | D99: IT-MB-001-060 | E99: 회원가입 | F99: MO | G99: 중 | H99: [온라인회원] 약관동의 | I99: 1. 회원가입 > 약관동의 2. 약관동의 체크 3. 하단 인증 버튼 선택 | J99: 체크박스 체크 | K99: 필수 체크 기능확인
B100: 61 | C100: OTS | D100: IT-MB-001-061 | E100: 회원가입 | F100: MO | G100: 상 | H100: [온라인회원] 회원정보입력 | I100: 1. 회원가입 > 약관동의 > 정보입력 2. 각 필드 입력 항목에 텍스트 입력 | J100: 이름, 아이디, 비밀번호, 비밀번호 확인, 이메일, 휴대폰번호, 마케팅 동의여부 | K100: 필드 정보 입력 후 회원가입 선택, 완료 페이지로 이동 확인
B101: 62 | C101: OTS | D101: IT-MB-001-062 | E101: 회원가입 | F101: MO | G101: 상 | H101: [온라인회원] 휴대폰 인증 | I101: 1. 회원가입 > 약관동의 > 정보입력 2. 휴대폰 인증 선택 | J101: 인증 정보입력 | K101: 정상 인증 후 하단에 인증 정보 입력 확인 - 이름/생년월일/휴대폰번호
B102: 63 | C102: OTS | D102: IT-MB-001-063 | E102: 회원가입 | F102: MO | G102: 중 | H102: [온라인회원] 가입축하 메일발송 | I102: 1. 회원가입 > 약관동의 > 정보입력 2. 회원가입 완료 | J102: 회원가입 버튼 선택 | K102: 회원가입 완료시 가입축하메일이 발송 확인
B103: 64 | C103: OTS | D103: IT-MB-001-064 | E103: 회원가입 | F103: MO | G103: 상 | H103: [온라인회원] 쇼핑몰 로그인 | I103: 1. 회원가입 > 약관동의 > 인증 > 회원정보입력 2. 회원가입 완료 > 로그인 | J103: 온라인 회원 아이디 비밀번호 입력 | K103: 신규 가입한 아이디/비밀번호로 로그인 확인 - 온라인회원 등급 확인
B104: 65 | C104: A-RT | D104: IT-MB-002-001 | E104: 회원관리 | F104: BO | G104: 상 | H104: 회원상세(통합멤버십) | I104: 1. 회원관리 > 회원목록 2. 통합멤버십회원 검색 > 회원선택 | K104: 가입된 통합멤버십 회원 정보 확인
B105: 66 | C105: A-RT | D105: IT-MB-002-002 | E105: 회원관리 | F105: BO | G105: 상 | H105: 회원상세(온라인) | I105: 1. 회원관리 > 회원목록 2. 온라인 회원검색 > 회원선택 | K105: 가입된 온라인 회원 정보 확인
B106: 67 | C106: A-RT | D106: IT-MB-002-003 | E106: 회원관리 | F106: BO | G106: 상 | H106: 회원상세(공통) | I106: 1. 회원관리 > 회원목록 2. 회원상세정보 조회 > 회원선택 | K106: 가입회원정보 정상출력 확인 - 회원기본정보, 회원부가정보, 회원 활동정보, 회원 구매활동정보, 블랙리스트, 관리자메모
B107: 68 | C107: A-RT | D107: IT-MB-002-004 | E107: 회원관리 | F107: BO | G107: 상 | I107: 1. 회원관리 > 회원목록 2. 회원상세정보 수정 | K107: 각 버튼 기능이 정상 동작 확인 - 회원이력, 비밀번호 초기화, 휴대폰번호 인증번호발송, 계좌인증 버튼 선택
B108: 69 | C108: A-RT | D108: IT-MB-002-005 | E108: 회원관리 | F108: BO | G108: 상 | I108: 1. 회원관리 > 회원목록 2. 회원상세정보 수정 | J108: 주소, 마케팅동의 야간마케팅동의, 신발사이즈, 기념일 정보 입력 | K108: 각 입력정보 정상 입력 확인
B109: 70 | C109: A-RT | D109: IT-MB-002-006 | E109: 회원관리 | F109: BO | G109: 상 | I109: 1. 회원관리 > 회원목록 2. 회원상세정보 부가기능 확인 | J109: 포인트사용비밀번호 초기화, 블랙리스트 설정, 관리자 메모 입력 | K109: 각 입력정보 정상 입력 확인

Sheet 2_회원전환
B2: 참조 문서 | C2: ABC_04.설계_03.프로세스정의서_01.회원_20190425_v1.10.pptx ABC_04.설계_02.화면설계서_FO_02.회원_20190502_v1.10.pptx ABC_04.설계_02.화면설계서_MO_02.회원_20190502_v1.02.pptx ABC_04.설계_02.화면설계서_BO_01_회원_20190429_v2.02.pptx
B4: 프로세스
B34: 시나리오 순서
B35: 1. 회원전환 (IT-MB-003) - 멤버십회원 > 통합멤버십회원 : 1 > 2 > 10 > 11 - 온라인,SNS > 통합멤버십회원 : 3 > 4 > 5 > 6 > 7 > 8 > 9 > 10 > 11 - SNS > 온라인회원 : 12 > 13 > 14 > 15 > 16 > 17 > 18 > 19
B36: 테스트 사전 준비사항
B37: 온라인회원, SNS회원 중 가입이 가능한 계정정보(핸드폰, 아이핀 인증이 가능한 사용자)
B39: No. | C39: 사이트 | D39: ID | E39: 시나리오명 | F39: SYS | G39: 중요도 | H39: 테스트 항목 | I39: 수행 절차 | J39: 입력값 | K39: 기대 결과 | L39: 수행일자 | M39: 수행자 | N39: 테스트결과 | O39: 결함사항 | P39: 수정여부 | Q39: 비고
B40: 1 | C40: A-RT | D40: IT-MB-003-001 | E40: 회원 전환 | F40: FO | G40: 상 | H40: 회원전환 [멤버십회원 > 통합멤버십] | I40: 1. 멤버십회원 로그인 > 회원전환 팝업창 2. 통합멤버십회원 전환 버튼 선택 | K40: 통합멤버십 약관동의 화면으로 이동
B41: 2 | C41: A-RT | D41: IT-MB-003-002 | E41: 회원 전환 | F41: FO | G41: 중 | H41: 약관동의 | I41: 1. 회원 전환 페이지 2. 약관동의 체크후 하단 회원전환 버튼 선택 | J41: 체크박스 체크 | K41: 필수 체크 기능 확인
B42: 3 | C42: A-RT | D42: IT-MB-003-003 | E42: 회원 전환 | F42: FO | G42: 중 | H42: 전환 메일 발송 | I42: 1. 회원 전환 페이지 2. 하단 회원전환 버튼 선택 | K42: 전환 완료시 통합멤버십 전환메일 발송 확인
B43: 4 | C43: A-RT | D43: IT-MB-003-004 | E43: 회원 전환 | F43: FO | G43: 상 | H43: 쇼핑몰 로그인 | I43: 1. 로그인 2. 전환된 통합멤버십회원 아이디 비밀번호 입력 | J43: 아이디/비밀번호 | K43: 전환한 아이디/비밀번호로 로그인 확인- 통합멤버십회원 등급 확인
B44: 5 | C44: A-RT | D44: IT-MB-003-005 | E44: 회원 전환 | F44: BO | G44: 상 | H44: 통합멤버십 전환고객 확인 | I44: 1. 회원관리 > 회원목록 2. 통합멤버십회원 검색 | K44: 통합멤버십으로 전환된 회원 정보 확인
B45: 6 | C45: A-RT | D45: IT-MB-003-006 | E45: 회원 전환 | F45: FO | G45: 상 | H45: 회원전환 [SNS,온라인회원 > 통합멤버십] | I45: 1. SNS, 온라인회원 로그인 > 회원전환 팝업창 2. 통합멤버십회원 전환 선택 | K45: 통합멤버십 약관동의 화면으로 이동
B46: 7 | C46: A-RT | D46: IT-MB-003-007 | E46: 회원 전환 | F46: FO | G46: 중 | H46: 약관동의 | I46: 1. 회원 전환 페이지 2. 약관동의 체크후 하단 회원전환 버튼 선택 | J46: 체크박스 체크 | K46: 필수 체크 기능 확인
B47: 8 | C47: A-RT | D47: IT-MB-003-008 | E47: 회원 전환 | F47: FO | G47: 중 | H47: 인증 | I47: 1. 회원 전환 페이지 2. 휴대폰 인증 선택 | J47: 인증 정보입력 | K47: 정상적으로 인증후 하단에 인증 정보(이름/생년월일/휴대폰번호)가 입력되는지 확인 - 기존 아이디와 이메일을 정확하게 불러오는지 확인
B48: 9 | C48: A-RT | D48: IT-MB-003-009 | E48: 회원 전환 | F48: FO | G48: 중 | H48: 인증 | I48: 1. 회원 전환 페이지 2. 아이핀 인증 선택 | J48: 인증 정보입력 | K48: 정상적으로 인증후 하단에 인증이 완료 확인 - 아이핀 인증시 하단 휴대폰 인증 확인 - 기존 아이디와 이메일을 정확하게 불러오는지 확인
B49: 10 | C49: A-RT | D49: IT-MB-003-010 | E49: 회원 전환 | F49: FO | G49: 상 | H49: 회원정보입력 | I49: 1. 회원 전환 페이지 2. 각 필드 입력 항목에 텍스트 입력 | J49: 비밀번호, 비밀번호 확인 휴대폰번호, 마케팅 동의여부 | K49: 필드 정보 입력 후 회원전환 선택 > 완료 페이지로 이동 확인
B50: 11 | C50: A-RT | D50: IT-MB-003-011 | E50: 회원 전환 | F50: FO | G50: 중 | H50: 전환 메일 발송 | I50: 1. 회원 전환 페이지 2. 하단 회원전환 버튼 선택 | K50: 전환 완료시 통합멤버십 전환메일 발송 확인
B51: 12 | C51: A-RT | D51: IT-MB-003-012 | E51: 회원 전환 | F51: FO | G51: 상 | H51: 쇼핑몰 로그인 | I51: 1. 로그인 2. 전환된 통합멤버십회원 아이디 비밀번호 입력 | J51: 아이디/비밀번호 | K51: 전환한 아이디/비밀번호로 로그인 확인- 통합멤버십회원 등급 확인
B52: 13 | C52: A-RT | D52: IT-MB-003-013 | E52: 회원 전환 | F52: BO | G52: 상 | H52: 통합멤버십 전환고객 확인 | I52: 1. 회원관리 > 회원목록 2. 통합멤버십회원 검색 | K52: 통합멤버십으로 전환된 회원 정보 확인
B53: 14 | C53: A-RT | D53: IT-MB-003-014 | E53: 회원 전환 | F53: FO | G53: 상 | H53: 회원전환 [SNS > 온라인회원] | I53: 1. SNS 로그인 > 회원전환 팝업창 2. 온라인회원 전환 선택 | K53: 온라인회원 약관동의 화면으로 이동
B54: 15 | C54: A-RT | D54: IT-MB-003-015 | E54: 회원 전환 | F54: FO | G54: 중 | H54: 약관동의 | I54: 1. 회원 전환 페이지 2. 약관동의 체크후 하단 회원전환 버튼 선택 | J54: 체크박스 체크 | K54: 필수 체크 기능 확인
B55: 16 | C55: A-RT | D55: IT-MB-003-016 | E55: 회원 전환 | F55: FO | G55: 상 | H55: 회원정보입력 | I55: 1. 회원 전환 페이지 2. 각 필드 입력 항목에 텍스트 입력 | J55: 이름, 아이디, 비밀번호, 비밀번호 확인 이메일, 휴대폰번호, 마케팅 동의여부 | K55: 필드 정보 입력 후 회원가입 선택, 완료 페이지로 이동 확인
B56: 17 | C56: A-RT | D56: IT-MB-003-017 | E56: 회원 전환 | F56: FO | G56: 상 | H56: 휴대폰 인증 | I56: 1. 회원 전환 페이지 2. 휴대폰 인증 선택 | J56: 인증 정보입력 | K56: 정상적으로 인증후 하단에 인증 정보(이름/생년월일/휴대폰번호)가 입력되는지 확인
B57: 18 | C57: A-RT | D57: IT-MB-003-018 | E57: 회원 전환 | F57: FO | G57: 중 | H57: 전환 메일 발송 | I57: 1. 회원 전환 페이지 2. 하단 회원전환 버튼 선택 | K57: 전환 완료시 통합멤버십 전환메일 발송 확인
B58: 19 | C58: A-RT | D58: IT-MB-003-019 | E58: 회원 전환 | F58: FO | G58: 상 | H58: 쇼핑몰 로그인 | I58: 1. 로그인 2. 전환된 온라인회원 아이디 비밀번호 입력 | J58: 아이디/비밀번호 | K58: 신규 가입한 아이디/비밀번호로 로그인 확인- 온라인회원 등급 확인
B59: 20 | C59: A-RT | D59: IT-MB-003-020 | E59: 회원 전환 | F59: BO | G59: 상 | H59: 통합멤버십 전환고객 확인 | I59: 1. 회원관리 > 회원목록 2. 온라인 회원 검색 | K59: 온라인회원으로 전환된 회원 정보 확인
B60: 21 | C60: A-RT | D60: IT-MB-003-021 | E60: 회원 전환 | F60: MO | G60: 상 | H60: 회원전환 [멤버십회원 > 통합멤버십] | I60: 1. 멤버십회원 로그인 > 회원전환 팝업창 2. 통합멤버십회원 전환 버튼 선택 | K60: 통합멤버십 약관동의 화면으로 이동
B61: 22 | C61: A-RT | D61: IT-MB-003-022 | E61: 회원 전환 | F61: MO | G61: 중 | H61: 약관동의 | I61: 1. 회원 전환 페이지 2. 약관동의 체크후 하단 회원전환 버튼 선택 | J61: 체크박스 체크 | K61: 필수 체크 기능 확인
B62: 23 | C62: A-RT | D62: IT-MB-003-023 | E62: 회원 전환 | F62: MO | G62: 중 | H62: 전환 메일 발송 | I62: 1. 회원 전환 페이지 2. 하단 회원전환 버튼 선택 | K62: 전환 완료시 통합멤버십 전환메일 발송 확인
B63: 24 | C63: A-RT | D63: IT-MB-003-024 | E63: 회원 전환 | F63: MO | G63: 상 | H63: 쇼핑몰 로그인 | I63: 1. 로그인 2. 전환된 통합멤버십회원 아이디 비밀번호 입력 | J63: 아이디/비밀번호 | K63: 전환한 아이디/비밀번호로 로그인 확인- 통합멤버십회원 등급 확인
B64: 25 | C64: A-RT | D64: IT-MB-003-025 | E64: 회원 전환 | F64: BO | G64: 상 | H64: 통합멤버십 전환고객 확인 | I64: 1. 회원관리 > 회원목록 2. 통합멤버십회원 검색 | K64: 통합멤버십으로 전환된 회원 정보 확인
B65: 26 | C65: A-RT | D65: IT-MB-003-026 | E65: 회원 전환 | F65: MO | G65: 상 | H65: 회원전환 [SNS,온라인회원 > 통합멤버십] | I65: 1. SNS, 온라인회원 로그인 > 회원전환 팝업창 2. 통합멤버십회원 전환 선택 | K65: 통합멤버십 약관동의 화면으로 이동
B66: 27 | C66: A-RT | D66: IT-MB-003-027 | E66: 회원 전환 | F66: MO | G66: 중 | H66: 약관동의 | I66: 1. 회원 전환 페이지 2. 약관동의 체크후 하단 회원전환 버튼 선택 | J66: 체크박스 체크 | K66: 필수 체크 기능 확인
B67: 28 | C67: A-RT | D67: IT-MB-003-028 | E67: 회원 전환 | F67: MO | G67: 중 | H67: 인증 | I67: 1. 회원 전환 페이지 2. 휴대폰 인증 선택 | J67: 인증 정보입력 | K67: 정상적으로 인증후 하단에 인증 정보(이름/생년월일/휴대폰번호)가 입력되는지 확인 - 기존 아이디와 이메일을 정확하게 불러오는지 확인
B68: 29 | C68: A-RT | D68: IT-MB-003-029 | E68: 회원 전환 | F68: MO | G68: 중 | H68: 인증 | I68: 1. 회원 전환 페이지 2. 아이핀 인증 선택 | J68: 인증 정보입력 | K68: 정상적으로 인증후 하단에 인증이 완료 확인 - 아이핀 인증시 하단 휴대폰 인증 확인 - 기존 아이디와 이메일을 정확하게 불러오는지 확인
B69: 30 | C69: A-RT | D69: IT-MB-003-030 | E69: 회원 전환 | F69: MO | G69: 상 | H69: 회원정보입력 | I69: 1. 회원 전환 페이지 2. 각 필드 입력 항목에 텍스트 입력 | J69: 비밀번호, 비밀번호 확인 휴대폰번호, 마케팅 동의여부 | K69: 필드 정보 입력 후 회원전환 선택 > 완료 페이지로 이동 확인
B70: 31 | C70: A-RT | D70: IT-MB-003-031 | E70: 회원 전환 | F70: MO | G70: 중 | H70: 전환 메일 발송 | I70: 1. 회원 전환 페이지 2. 하단 회원전환 버튼 선택 | K70: 전환 완료시 통합멤버십 전환메일 발송 확인
B71: 32 | C71: A-RT | D71: IT-MB-003-032 | E71: 회원 전환 | F71: MO | G71: 상 | H71: 쇼핑몰 로그인 | I71: 1. 로그인 2. 전환된 통합멤버십회원 아이디 비밀번호 입력 | J71: 아이디/비밀번호 | K71: 전환한 아이디/비밀번호로 로그인 확인- 통합멤버십회원 등급 확인
B72: 33 | C72: A-RT | D72: IT-MB-003-033 | E72: 회원 전환 | F72: BO | G72: 상 | H72: 통합멤버십 전환고객 확인 | I72: 1. 회원관리 > 회원목록 2. 통합멤버십회원 검색 | K72: 통합멤버십으로 전환된 회원 정보 확인
B73: 34 | C73: A-RT | D73: IT-MB-003-034 | E73: 회원 전환 | F73: MO | G73: 상 | H73: 회원전환 [SNS > 온라인회원] | I73: 1. SNS 로그인 > 회원전환 팝업창 2. 온라인회원 전환 선택 | K73: 온라인회원 약관동의 화면으로 이동
B74: 35 | C74: A-RT | D74: IT-MB-003-035 | E74: 회원 전환 | F74: MO | G74: 중 | H74: 약관동의 | I74: 1. 회원 전환 페이지 2. 약관동의 체크후 하단 회원전환 버튼 선택 | J74: 체크박스 체크 | K74: 필수 체크 기능 확인
B75: 36 | C75: A-RT | D75: IT-MB-003-036 | E75: 회원 전환 | F75: MO | G75: 상 | H75: 회원정보입력 | I75: 1. 회원 전환 페이지 2. 각 필드 입력 항목에 텍스트 입력 | J75: 이름, 아이디, 비밀번호, 비밀번호 확인 이메일, 휴대폰번호, 마케팅 동의여부 | K75: 필드 정보 입력 후 회원가입 선택, 완료 페이지로 이동 확인
B76: 37 | C76: A-RT | D76: IT-MB-003-037 | E76: 회원 전환 | F76: MO | G76: 상 | H76: 휴대폰 인증 | I76: 1. 회원 전환 페이지 2. 휴대폰 인증 선택 | J76: 인증 정보입력 | K76: 정상적으로 인증후 하단에 인증 정보(이름/생년월일/휴대폰번호)가 입력되는지 확인
B77: 38 | C77: A-RT | D77: IT-MB-003-038 | E77: 회원 전환 | F77: MO | G77: 중 | H77: 전환 메일 발송 | I77: 1. 회원 전환 페이지 2. 하단 회원전환 버튼 선택 | K77: 전환 완료시 통합멤버십 전환메일 발송 확인
B78: 39 | C78: A-RT | D78: IT-MB-003-039 | E78: 회원 전환 | F78: MO | G78: 상 | H78: 쇼핑몰 로그인 | I78: 1. 로그인 2. 전환된 온라인회원 아이디 비밀번호 입력 | J78: 아이디/비밀번호 | K78: 신규 가입한 아이디/비밀번호로 로그인 확인- 온라인회원 등급 확인
B79: 40 | C79: A-RT | D79: IT-MB-003-040 | E79: 회원 전환 | F79: BO | G79: 상 | H79: 통합멤버십 전환고객 확인 | I79: 1. 회원관리 > 회원목록 2. 온라인 회원 검색 | K79: 온라인회원으로 전환된 회원 정보 확인
B80: 41 | C80: OTS | D80: IT-MB-003-041 | E80: 회원 전환 | F80: FO | G80: 상 | H80: 회원전환 [멤버십회원 > 통합멤버십] | I80: 1. 멤버십회원 로그인 > 회원전환 팝업창 2. 통합멤버십회원 전환 버튼 선택 | K80: 통합멤버십 약관동의 화면으로 이동
B81: 42 | C81: OTS | D81: IT-MB-003-042 | E81: 회원 전환 | F81: FO | G81: 중 | H81: 약관동의 | I81: 1. 회원 전환 페이지 2. 약관동의 체크후 하단 회원전환 버튼 선택 | J81: 체크박스 체크 | K81: 필수 체크 기능 확인
B82: 43 | C82: OTS | D82: IT-MB-003-043 | E82: 회원 전환 | F82: FO | G82: 중 | H82: 전환 메일 발송 | I82: 1. 회원 전환 페이지 2. 하단 회원전환 버튼 선택 | K82: 전환 완료시 통합멤버십 전환메일 발송 확인
B83: 44 | C83: OTS | D83: IT-MB-003-044 | E83: 회원 전환 | F83: FO | G83: 상 | H83: 쇼핑몰 로그인 | I83: 1. 로그인 2. 전환된 통합멤버십회원 아이디 비밀번호 입력 | J83: 아이디/비밀번호 | K83: 전환한 아이디/비밀번호로 로그인 확인- 통합멤버십회원 등급 확인
B84: 45 | C84: OTS | D84: IT-MB-003-045 | E84: 회원 전환 | F84: BO | G84: 상 | H84: 통합멤버십 전환고객 확인 | I84: 1. 회원관리 > 회원목록 2. 통합멤버십회원 검색 | K84: 통합멤버십으로 전환된 회원 정보 확인
B85: 46 | C85: OTS | D85: IT-MB-003-046 | E85: 회원 전환 | F85: FO | G85: 상 | H85: 회원전환 [SNS,온라인회원 > 통합멤버십] | I85: 1. SNS, 온라인회원 로그인 > 회원전환 팝업창 2. 통합멤버십회원 전환 선택 | K85: 통합멤버십 약관동의 화면으로 이동
B86: 47 | C86: OTS | D86: IT-MB-003-047 | E86: 회원 전환 | F86: FO | G86: 중 | H86: 약관동의 | I86: 1. 회원 전환 페이지 2. 약관동의 체크후 하단 회원전환 버튼 선택 | J86: 체크박스 체크 | K86: 필수 체크 기능 확인
B87: 48 | C87: OTS | D87: IT-MB-003-048 | E87: 회원 전환 | F87: FO | G87: 중 | H87: 인증 | I87: 1. 회원 전환 페이지 2. 휴대폰 인증 선택 | J87: 인증 정보입력 | K87: 정상적으로 인증후 하단에 인증 정보(이름/생년월일/휴대폰번호)가 입력되는지 확인 - 기존 아이디와 이메일을 정확하게 불러오는지 확인
B88: 49 | C88: OTS | D88: IT-MB-003-049 | E88: 회원 전환 | F88: FO | G88: 중 | H88: 인증 | I88: 1. 회원 전환 페이지 2. 아이핀 인증 선택 | J88: 인증 정보입력 | K88: 정상적으로 인증후 하단에 인증이 완료 확인 - 아이핀 인증시 하단 휴대폰 인증 확인 - 기존 아이디와 이메일을 정확하게 불러오는지 확인
B89: 50 | C89: OTS | D89: IT-MB-003-050 | E89: 회원 전환 | F89: FO | G89: 상 | H89: 회원정보입력 | I89: 1. 회원 전환 페이지 2. 각 필드 입력 항목에 텍스트 입력 | J89: 비밀번호, 비밀번호 확인 휴대폰번호, 마케팅 동의여부 | K89: 필드 정보 입력 후 회원전환 선택 > 완료 페이지로 이동 확인
B90: 51 | C90: OTS | D90: IT-MB-003-051 | E90: 회원 전환 | F90: FO | G90: 중 | H90: 전환 메일 발송 | I90: 1. 회원 전환 페이지 2. 하단 회원전환 버튼 선택 | K90: 전환 완료시 통합멤버십 전환메일 발송 확인
B91: 52 | C91: OTS | D91: IT-MB-003-052 | E91: 회원 전환 | F91: FO | G91: 상 | H91: 쇼핑몰 로그인 | I91: 1. 로그인 2. 전환된 통합멤버십회원 아이디 비밀번호 입력 | J91: 아이디/비밀번호 | K91: 전환한 아이디/비밀번호로 로그인 확인- 통합멤버십회원 등급 확인
B92: 53 | C92: OTS | D92: IT-MB-003-053 | E92: 회원 전환 | F92: BO | G92: 상 | H92: 통합멤버십 전환고객 확인 | I92: 1. 회원관리 > 회원목록 2. 통합멤버십회원 검색 | K92: 통합멤버십으로 전환된 회원 정보 확인
B93: 54 | C93: OTS | D93: IT-MB-003-054 | E93: 회원 전환 | F93: FO | G93: 상 | H93: 회원전환 [SNS > 온라인회원] | I93: 1. SNS 로그인 > 회원전환 팝업창 2. 온라인회원 전환 선택 | K93: 온라인회원 약관동의 화면으로 이동
B94: 55 | C94: OTS | D94: IT-MB-003-055 | E94: 회원 전환 | F94: FO | G94: 중 | H94: 약관동의 | I94: 1. 회원 전환 페이지 2. 약관동의 체크후 하단 회원전환 버튼 선택 | J94: 체크박스 체크 | K94: 필수 체크 기능 확인
B95: 56 | C95: OTS | D95: IT-MB-003-056 | E95: 회원 전환 | F95: FO | G95: 상 | H95: 회원정보입력 | I95: 1. 회원 전환 페이지 2. 각 필드 입력 항목에 텍스트 입력 | J95: 이름, 아이디, 비밀번호, 비밀번호 확인 이메일, 휴대폰번호, 마케팅 동의여부 | K95: 필드 정보 입력 후 회원가입 선택, 완료 페이지로 이동 확인
B96: 57 | C96: OTS | D96: IT-MB-003-057 | E96: 회원 전환 | F96: FO | G96: 상 | H96: 휴대폰 인증 | I96: 1. 회원 전환 페이지 2. 휴대폰 인증 선택 | J96: 인증 정보입력 | K96: 정상적으로 인증후 하단에 인증 정보(이름/생년월일/휴대폰번호)가 입력되는지 확인
B97: 58 | C97: OTS | D97: IT-MB-003-058 | E97: 회원 전환 | F97: FO | G97: 중 | H97: 전환 메일 발송 | I97: 1. 회원 전환 페이지 2. 하단 회원전환 버튼 선택 | K97: 전환 완료시 통합멤버십 전환메일 발송 확인
B98: 59 | C98: OTS | D98: IT-MB-003-059 | E98: 회원 전환 | F98: FO | G98: 상 | H98: 쇼핑몰 로그인 | I98: 1. 로그인 2. 전환된 온라인회원 아이디 비밀번호 입력 | J98: 아이디/비밀번호 | K98: 신규 가입한 아이디/비밀번호로 로그인 확인- 온라인회원 등급 확인
B99: 60 | C99: OTS | D99: IT-MB-003-060 | E99: 회원 전환 | F99: BO | G99: 상 | H99: 통합멤버십 전환고객 확인 | I99: 1. 회원관리 > 회원목록 2. 온라인 회원 검색 | K99: 온라인회원으로 전환된 회원 정보 확인
B100: 61 | C100: OTS | D100: IT-MB-003-061 | E100: 회원 전환 | F100: MO | G100: 상 | H100: 회원전환 [멤버십회원 > 통합멤버십] | I100: 1. 멤버십회원 로그인 > 회원전환 팝업창 2. 통합멤버십회원 전환 버튼 선택 | K100: 통합멤버십 약관동의 화면으로 이동
B101: 62 | C101: OTS | D101: IT-MB-003-062 | E101: 회원 전환 | F101: MO | G101: 중 | H101: 약관동의 | I101: 1. 회원 전환 페이지 2. 약관동의 체크후 하단 회원전환 버튼 선택 | J101: 체크박스 체크 | K101: 필수 체크 기능 확인
B102: 63 | C102: OTS | D102: IT-MB-003-063 | E102: 회원 전환 | F102: MO | G102: 중 | H102: 전환 메일 발송 | I102: 1. 회원 전환 페이지 2. 하단 회원전환 버튼 선택 | K102: 전환 완료시 통합멤버십 전환메일 발송 확인
B103: 64 | C103: OTS | D103: IT-MB-003-064 | E103: 회원 전환 | F103: MO | G103: 상 | H103: 쇼핑몰 로그인 | I103: 1. 로그인 2. 전환된 통합멤버십회원 아이디 비밀번호 입력 | J103: 아이디/비밀번호 | K103: 전환한 아이디/비밀번호로 로그인 확인- 통합멤버십회원 등급 확인
B104: 65 | C104: OTS | D104: IT-MB-003-065 | E104: 회원 전환 | F104: BO | G104: 상 | H104: 통합멤버십 전환고객 확인 | I104: 1. 회원관리 > 회원목록 2. 통합멤버십회원 검색 | K104: 통합멤버십으로 전환된 회원 정보 확인
B105: 66 | C105: OTS | D105: IT-MB-003-066 | E105: 회원 전환 | F105: MO | G105: 상 | H105: 회원전환 [SNS,온라인회원 > 통합멤버십] | I105: 1. SNS, 온라인회원 로그인 > 회원전환 팝업창 2. 통합멤버십회원 전환 선택 | K105: 통합멤버십 약관동의 화면으로 이동
B106: 67 | C106: OTS | D106: IT-MB-003-067 | E106: 회원 전환 | F106: MO | G106: 중 | H106: 약관동의 | I106: 1. 회원 전환 페이지 2. 약관동의 체크후 하단 회원전환 버튼 선택 | J106: 체크박스 체크 | K106: 필수 체크 기능 확인
B107: 68 | C107: OTS | D107: IT-MB-003-068 | E107: 회원 전환 | F107: MO | G107: 중 | H107: 인증 | I107: 1. 회원 전환 페이지 2. 휴대폰 인증 선택 | J107: 인증 정보입력 | K107: 정상적으로 인증후 하단에 인증 정보(이름/생년월일/휴대폰번호)가 입력되는지 확인 - 기존 아이디와 이메일을 정확하게 불러오는지 확인
B108: 69 | C108: OTS | D108: IT-MB-003-069 | E108: 회원 전환 | F108: MO | G108: 중 | H108: 인증 | I108: 1. 회원 전환 페이지 2. 아이핀 인증 선택 | J108: 인증 정보입력 | K108: 정상적으로 인증후 하단에 인증이 완료 확인 - 아이핀 인증시 하단 휴대폰 인증 확인 - 기존 아이디와 이메일을 정확하게 불러오는지 확인
B109: 70 | C109: OTS | D109: IT-MB-003-070 | E109: 회원 전환 | F109: MO | G109: 상 | H109: 회원정보입력 | I109: 1. 회원 전환 페이지 2. 각 필드 입력 항목에 텍스트 입력 | J109: 비밀번호, 비밀번호 확인 휴대폰번호, 마케팅 동의여부 | K109: 필드 정보 입력 후 회원전환 선택 > 완료 페이지로 이동 확인
B110: 71 | C110: OTS | D110: IT-MB-003-071 | E110: 회원 전환 | F110: MO | G110: 중 | H110: 전환 메일 발송 | I110: 1. 회원 전환 페이지 2. 하단 회원전환 버튼 선택 | K110: 전환 완료시 통합멤버십 전환메일 발송 확인
B111: 72 | C111: OTS | D111: IT-MB-003-072 | E111: 회원 전환 | F111: MO | G111: 상 | H111: 쇼핑몰 로그인 | I111: 1. 로그인 2. 전환된 통합멤버십회원 아이디 비밀번호 입력 | J111: 아이디/비밀번호 | K111: 전환한 아이디/비밀번호로 로그인 확인- 통합멤버십회원 등급 확인
B112: 73 | C112: OTS | D112: IT-MB-003-073 | E112: 회원 전환 | F112: BO | G112: 상 | H112: 통합멤버십 전환고객 확인 | I112: 1. 회원관리 > 회원목록 2. 통합멤버십회원 검색 | K112: 통합멤버십으로 전환된 회원 정보 확인
B113: 74 | C113: OTS | D113: IT-MB-003-074 | E113: 회원 전환 | F113: MO | G113: 상 | H113: 회원전환 [SNS > 온라인회원] | I113: 1. SNS 로그인 > 회원전환 팝업창 2. 온라인회원 전환 선택 | K113: 온라인회원 약관동의 화면으로 이동
B114: 75 | C114: OTS | D114: IT-MB-003-075 | E114: 회원 전환 | F114: MO | G114: 중 | H114: 약관동의 | I114: 1. 회원 전환 페이지 2. 약관동의 체크후 하단 회원전환 버튼 선택 | J114: 체크박스 체크 | K114: 필수 체크 기능 확인
B115: 76 | C115: OTS | D115: IT-MB-003-076 | E115: 회원 전환 | F115: MO | G115: 상 | H115: 회원정보입력 | I115: 1. 회원 전환 페이지 2. 각 필드 입력 항목에 텍스트 입력 | J115: 이름, 아이디, 비밀번호, 비밀번호 확인 이메일, 휴대폰번호, 마케팅 동의여부 | K115: 필드 정보 입력 후 회원가입 선택, 완료 페이지로 이동 확인
B116: 77 | C116: OTS | D116: IT-MB-003-077 | E116: 회원 전환 | F116: MO | G116: 상 | H116: 휴대폰 인증 | I116: 1. 회원 전환 페이지 2. 휴대폰 인증 선택 | J116: 인증 정보입력 | K116: 정상적으로 인증후 하단에 인증 정보(이름/생년월일/휴대폰번호)가 입력되는지 확인
B117: 78 | C117: OTS | D117: IT-MB-003-078 | E117: 회원 전환 | F117: MO | G117: 중 | H117: 전환 메일 발송 | I117: 1. 회원 전환 페이지 2. 하단 회원전환 버튼 선택 | K117: 전환 완료시 통합멤버십 전환메일 발송 확인
B118: 79 | C118: OTS | D118: IT-MB-003-079 | E118: 회원 전환 | F118: MO | G118: 상 | H118: 쇼핑몰 로그인 | I118: 1. 로그인 2. 전환된 온라인회원 아이디 비밀번호 입력 | J118: 아이디/비밀번호 | K118: 신규 가입한 아이디/비밀번호로 로그인 확인- 온라인회원 등급 확인
B119: 80 | C119: OTS | D119: IT-MB-003-080 | E119: 회원 전환 | F119: BO | G119: 상 | H119: 통합멤버십 전환고객 확인 | I119: 1. 회원관리 > 회원목록 2. 온라인 회원 검색 | K119: 온라인회원으로 전환된 회원 정보 확인

Sheet 3_로그인
B2: 참조 문서 | C2: ABC_04.설계_03.프로세스정의서_01.회원_20190425_v1.10.pptx ABC_04.설계_02.화면설계서_FO_02.회원_20190502_v1.10.pptx ABC_04.설계_02.화면설계서_MO_02.회원_20190502_v1.02.pptx ABC_04.설계_02.화면설계서_BO_01_회원_20190429_v2.02.pptx
B4: 프로세스
B34: 시나리오 순서
B35: 1. 로그인 (IT-MB-004) - 회원 로그인 : 1 > 2 > 3 > 4 > 5 - SNS 로그인 : 6 > 7 > 8 > 9
B36: 테스트 사전 준비사항
B37: 통합멤버십회원, 온라인회원, SNS회원(페이스북, 네이버, 카카오) 계정별 로그인이 가능한 ID, PW
B39: No. | C39: 사이트 | D39: ID | E39: 시나리오명 | F39: SYS | G39: 중요도 | H39: 테스트 항목 | I39: 수행 절차 | J39: 입력값 | K39: 기대 결과 | L39: 수행일자 | M39: 수행자 | N39: 테스트결과 | O39: 결함사항 | P39: 수정여부 | Q39: 비고
B40: 1 | C40: A-RT | D40: IT-MB-004-001 | E40: 로그인 | F40: FO | G40: 상 | H40: 로그인 페이지 | I40: 1. 로그인 페이지 2. 각 버튼 링크 확인 - 회원로그인탭, 비회원 주문조회, 페이스북로그인, 네이버로그인, 카카오로그인, 아이디찾기, 비밀번호찾기, 회원가입, 비회원 주문 버튼 선택 | K40: 각 버튼의 링크가 정확하게 이동되는지 확인
B41: 2 | C41: A-RT | D41: IT-MB-004-002 | E41: 로그인 | F41: FO | G41: 상 | H41: 정상 로그인 | I41: 1. 로그인 페이지 2. 통합멤버십회원 로그인 확인 | J41: 통합멤버십회원 ID, PW 입력 | K41: 로그인 후 로그인 이전 페이지 이동(예 : 장바구니페이지에서 로그인 완료후 장바구니페이지로 이동)
B42: 3 | C42: A-RT | D42: IT-MB-004-003 | E42: 로그인 | F42: FO | G42: 상 | H42: 정상 로그인 | I42: 1. 로그인 페이지 2. 멤버십회원 로그인 확인 | J42: 통합멤버십회원 ID, PW 입력 | K42: 멤버십회원인 경우 회원전환 페이지 팝업 노출 - 로그인 후 로그인 이전 페이지 이동 확인
B43: 4 | C43: A-RT | D43: IT-MB-004-004 | E43: 로그인 | F43: FO | G43: 상 | H43: 정상 로그인 | I43: 1. 로그인 페이지 2. 온라인회원 로그인 확인 | J43: 온라인회원 ID, PW 입력 | K43: 온라인회원인 경우 회원전환 페이지 팝업 노출 - 로그인 후 로그인 이전 페이지 이동 확인
B44: 5 | C44: A-RT | D44: IT-MB-004-005 | E44: 로그인 | F44: FO | G44: 중 | H44: 탈퇴회원 로그인 | I44: 1. 로그인 페이지 2. 탈퇴회원 로그인 확인 - 회원 구분별 ID, PW 입력 후 탈퇴회원 안내 확인 | J44: 탈퇴후 14일 이내회원 ID, PW입력 | K44: 탈퇴회원안내 팝업 노출
B45: 6 | C45: A-RT | D45: IT-MB-004-006 | E45: 로그인 | F45: FO | G45: 중 | H45: 비밀번호 오류 | I45: 1. 로그인 페이지 2. PW 오류 로그인 확인 | J45: PW 입력 5회 오류 | K45: 5회 비밀번호 오류시 보안문자입력 팝업창 노출 - 보안문자 새로고침 확인 - 보안문자 정상 입력시 로그인페이지로 이동
B46: 7 | C46: A-RT | D46: IT-MB-004-007 | E46: 로그인 | F46: FO | G46: 중 | H46: 비밀번호 변경이력 확인 | I46: 1. 로그인 페이지 2. N일내 비밀번호 변경이력이 없는 회원의 로그인 확인 | J46: N일내 비밀번호 변경이력이 없는 회원의 ID, PW 입력 | K46: 로그인 완료 후 N일내 PW변경 이력이 없는 회원은 PW변경 팝업 노출
B47: 8 | C47: A-RT | D47: IT-MB-004-008 | E47: 로그인 | F47: FO | G47: 중 | H47: 아이디 저장 체크 확인 | I47: 1. 로그인 페이지 2. 아이디 저장 체크 후 로그아웃 뒤에 재 로그인 | K47: 재로그인시 저장되었던 아이디 자동입력
B48: 9 | C48: A-RT | D48: IT-MB-004-009 | E48: 로그인 | F48: FO | G48: 중 | H48: 자동로그아웃 | I48: 1. 로그인 페이지 2. 로그인 후 2시간 경과시 자동로그아웃 확인 | K48: 로그인 2시간 경과후 자동 로그아웃
B49: 10 | C49: A-RT | D49: IT-MB-004-010 | E49: 로그인 | F49: FO | G49: 중 | H49: 비밀번호 변경안내 팝업 확인 | I49: 1. BO > 조건날짜관리에 날짜 입력 2. 로그인 페이지 > 로그인완료 3. 비밀번호 변경 이력 N일 확인 | K49: 비밀번호 변경이력 N일이 BO 조건날짜관리에서 입력한대로 정확히 표시되는지 확인 - BO에서 90일로 체크시 90일 이후 로그인 회원은 비밀번호 변경 팝업 노출
B50: 11 | C50: A-RT | D50: IT-MB-004-011 | E50: 로그인 | F50: FO | G50: 중 | H50: 비밀번호 변경안내 팝업 확인 | I50: 1. BO > 조건날짜관리에 날짜 입력 2. 로그인 페이지 > 로그인완료 3. 다음에변경, 지금변경 버튼 선택 | K50: 다음에 변경 버튼 : 창닫힘 지금변경: 비밀번호 변경 페이지로 이동
B51: 12 | C51: A-RT | D51: IT-MB-004-012 | E51: 로그인 | F51: FO | G51: 상 | H51: SNS로그인 확인 | I51: 1. 로그인 페이지 2. 페이스북로그인, 네이버로그인, 카카오로그인 버튼 선택 | K51: 정상 로그인 후 로그인 이전 페이지 이동(예 : 장바구니페이지에서 로그인 완료후 장바구니페이지로 이동) - 멤버십회원, 온라인회원은 회원전환 페이지 팝업 노출
B52: 13 | C52: A-RT | D52: IT-MB-004-013 | E52: 로그인 | F52: FO | G52: 상 | H52: SNS로그인 계정연동 확인 | I52: 1. 로그인 페이지 2. 페이스북로그인, 네이버로그인, 카카오로그인 버튼 선택 | J52: 계정연동이 안된 페이스북, 네이버, 카카오 계정입력 | K52: SNS 계정연결 팝업창 노출
B53: 14 | C53: A-RT | D53: IT-MB-004-014 | E53: 로그인 | F53: FO | G53: 중 | H53: 기존아이디 SNS 계정연결 확인 | I53: 1. 로그인 페이지 2. 계정연결이 안된 페이스북로그인, 네이버로그인, 카카오로그인 3. 기존아이디 연결 버튼 선택 | K53: [확인] : 창닫힘 > 마이페이지 > 개인정보 > SNS연결설정 페이지로 이동 [취소] : 창닫힘 > 메인화면 이동
B54: 15 | C54: A-RT | D54: IT-MB-004-015 | E54: 로그인 | F54: FO | G54: 중 | H54: 신규가입 후 연결 SNS 계정연결 확인 | I54: 1. 로그인 페이지 2. 계정연결이 안된 페이스북로그인, 네이버로그인, 카카오로그인 3. 신규가입 후 연결 버튼 선택 | K54: 회원가입 게이트 페이지로 이동
B55: 16 | C55: A-RT | D55: IT-MB-004-016 | E55: 로그인 | F55: MO | G55: 상 | H55: 로그인 페이지 | I55: 1. 로그인 페이지 2. 각 버튼 링크 확인 - 회원로그인탭, 비회원 주문조회, 페이스북로그인, 네이버로그인, 카카오로그인, 아이디찾기, 비밀번호찾기, 회원가입, 비회원 주문 버튼 선택 | K55: 각 버튼의 링크가 정확하게 이동되는지 확인
B56: 17 | C56: A-RT | D56: IT-MB-004-017 | E56: 로그인 | F56: MO | G56: 상 | H56: 정상 로그인 | I56: 1. 로그인 페이지 2. 통합멤버십회원 로그인 확인 | J56: 통합멤버십회원 ID, PW 입력 | K56: 로그인 후 로그인 이전 페이지 이동(예 : 장바구니페이지에서 로그인 완료후 장바구니페이지로 이동)
B57: 18 | C57: A-RT | D57: IT-MB-004-018 | E57: 로그인 | F57: MO | G57: 상 | H57: 정상 로그인 | I57: 1. 로그인 페이지 2. 멤버십회원 로그인 확인 | J57: 통합멤버십회원 ID, PW 입력 | K57: 멤버십회원인 경우 회원전환 페이지 팝업 노출 - 로그인 후 로그인 이전 페이지 이동 확인
B58: 19 | C58: A-RT | D58: IT-MB-004-019 | E58: 로그인 | F58: MO | G58: 상 | H58: 정상 로그인 | I58: 1. 로그인 페이지 2. 온라인회원 로그인 확인 | J58: 온라인회원 ID, PW 입력 | K58: 온라인회원인 경우 회원전환 페이지 팝업 노출 - 로그인 후 로그인 이전 페이지 이동 확인
B59: 20 | C59: A-RT | D59: IT-MB-004-020 | E59: 로그인 | F59: MO | G59: 중 | H59: 탈퇴회원 로그인 | I59: 1. 로그인 페이지 2. 탈퇴회원 로그인 확인 - 회원 구분별 ID, PW 입력 후 탈퇴회원 안내 확인 | J59: 탈퇴후 14일 이내회원 ID, PW입력 | K59: 탈퇴회원안내 팝업 노출
B60: 21 | C60: A-RT | D60: IT-MB-004-021 | E60: 로그인 | F60: MO | G60: 중 | H60: 비밀번호 오류 | I60: 1. 로그인 페이지 2. PW 오류 로그인 확인 | J60: PW 입력 5회 오류 | K60: 5회 비밀번호 오류시 보안문자입력 팝업창 노출 - 보안문자 새로고침 확인 - 보안문자 정상 입력시 로그인페이지로 이동
B61: 22 | C61: A-RT | D61: IT-MB-004-022 | E61: 로그인 | F61: MO | G61: 중 | H61: 비밀번호 변경이력 확인 | I61: 1. 로그인 페이지 2. N일내 비밀번호 변경이력이 없는 회원의 로그인 확인 | J61: N일내 비밀번호 변경이력이 없는 회원의 ID, PW 입력 | K61: 로그인 완료 후 N일내 PW변경 이력이 없는 회원은 PW변경 팝업 노출
B62: 23 | C62: A-RT | D62: IT-MB-004-023 | E62: 로그인 | F62: MO | G62: 중 | H62: 아이디 저장 체크 확인 | I62: 1. 로그인 페이지 2. 아이디 저장 체크 후 로그아웃 뒤에 재 로그인 | K62: 재로그인시 저장되었던 아이디 자동입력
B63: 24 | C63: A-RT | D63: IT-MB-004-024 | E63: 로그인 | F63: MO | G63: 중 | H63: 자동로그아웃 | I63: 1. 로그인 페이지 2. 로그인 후 2시간 경과시 자동로그아웃 확인 | K63: 로그인 2시간 경과후 자동 로그아웃
B64: 25 | C64: A-RT | D64: IT-MB-004-025 | E64: 로그인 | F64: MO | G64: 중 | H64: 비밀번호 변경안내 팝업 확인 | I64: 1. BO > 조건날짜관리에 날짜 입력 2. 로그인 페이지 > 로그인완료 3. 비밀번호 변경 이력 N일 확인 | K64: 비밀번호 변경이력 N일이 BO 조건날짜관리에서 입력한대로 정확히 표시되는지 확인 - BO에서 90일로 체크시 90일 이후 로그인 회원은 비밀번호 변경 팝업 노출
B65: 26 | C65: A-RT | D65: IT-MB-004-026 | E65: 로그인 | F65: MO | G65: 중 | H65: 비밀번호 변경안내 팝업 확인 | I65: 1. BO > 조건날짜관리에 날짜 입력 2. 로그인 페이지 > 로그인완료 3. 다음에변경, 지금변경 버튼 선택 | K65: 다음에 변경 버튼 : 창닫힘 지금변경: 비밀번호 변경 페이지로 이동
B66: 27 | C66: A-RT | D66: IT-MB-004-027 | E66: 로그인 | F66: MO | G66: 상 | H66: SNS로그인 확인 | I66: 1. 로그인 페이지 2. 페이스북로그인, 네이버로그인, 카카오로그인 버튼 선택 | K66: 정상 로그인 후 로그인 이전 페이지 이동(예 : 장바구니페이지에서 로그인 완료후 장바구니페이지로 이동) - 멤버십회원, 온라인회원은 회원전환 페이지 팝업 노출
B67: 28 | C67: A-RT | D67: IT-MB-004-028 | E67: 로그인 | F67: MO | G67: 상 | H67: SNS로그인 계정연동 확인 | I67: 1. 로그인 페이지 2. 페이스북로그인, 네이버로그인, 카카오로그인 버튼 선택 | J67: 계정연동이 안된 페이스북, 네이버, 카카오 계정입력 | K67: SNS 계정연결 팝업창 노출
B68: 29 | C68: A-RT | D68: IT-MB-004-029 | E68: 로그인 | F68: MO | G68: 중 | H68: 기존아이디 SNS 계정연결 확인 | I68: 1. 로그인 페이지 2. 계정연결이 안된 페이스북로그인, 네이버로그인, 카카오로그인 3. 기존아이디 연결 버튼 선택 | K68: [확인] : 창닫힘 > 마이페이지 > 개인정보 > SNS연결설정 페이지로 이동 [취소] : 창닫힘 > 메인화면 이동
B69: 30 | C69: A-RT | D69: IT-MB-004-030 | E69: 로그인 | F69: MO | G69: 중 | H69: 신규가입 후 연결 SNS 계정연결 확인 | I69: 1. 로그인 페이지 2. 계정연결이 안된 페이스북로그인, 네이버로그인, 카카오로그인 3. 신규가입 후 연결 버튼 선택 | K69: 회원가입 게이트 페이지로 이동
B70: 31 | C70: OTS | D70: IT-MB-004-031 | E70: 로그인 | F70: FO | G70: 상 | H70: 로그인 페이지 | I70: 1. 로그인 페이지 2. 각 버튼 링크 확인 - 회원로그인탭, 비회원 주문조회, 페이스북로그인, 네이버로그인, 카카오로그인, 아이디찾기, 비밀번호찾기, 회원가입, 비회원 주문 버튼 선택 | K70: 각 버튼의 링크가 정확하게 이동되는지 확인
B71: 32 | C71: OTS | D71: IT-MB-004-032 | E71: 로그인 | F71: FO | G71: 상 | H71: 정상 로그인 | I71: 1. 로그인 페이지 2. 통합멤버십회원 로그인 확인 | J71: 통합멤버십회원 ID, PW 입력 | K71: 로그인 후 로그인 이전 페이지 이동(예 : 장바구니페이지에서 로그인 완료후 장바구니페이지로 이동)
B72: 33 | C72: OTS | D72: IT-MB-004-033 | E72: 로그인 | F72: FO | G72: 상 | H72: 정상 로그인 | I72: 1. 로그인 페이지 2. 멤버십회원 로그인 확인 | J72: 통합멤버십회원 ID, PW 입력 | K72: 멤버십회원인 경우 회원전환 페이지 팝업 노출 - 로그인 후 로그인 이전 페이지 이동 확인
B73: 34 | C73: OTS | D73: IT-MB-004-034 | E73: 로그인 | F73: FO | G73: 상 | H73: 정상 로그인 | I73: 1. 로그인 페이지 2. 온라인회원 로그인 확인 | J73: 온라인회원 ID, PW 입력 | K73: 온라인회원인 경우 회원전환 페이지 팝업 노출 - 로그인 후 로그인 이전 페이지 이동 확인
B74: 35 | C74: OTS | D74: IT-MB-004-035 | E74: 로그인 | F74: FO | G74: 중 | H74: 탈퇴회원 로그인 | I74: 1. 로그인 페이지 2. 탈퇴회원 로그인 확인 - 회원 구분별 ID, PW 입력 후 탈퇴회원 안내 확인 | J74: 탈퇴후 14일 이내회원 ID, PW입력 | K74: 탈퇴회원안내 팝업 노출
B75: 36 | C75: OTS | D75: IT-MB-004-036 | E75: 로그인 | F75: FO | G75: 중 | H75: 비밀번호 오류 | I75: 1. 로그인 페이지 2. PW 오류 로그인 확인 | J75: PW 입력 5회 오류 | K75: 5회 비밀번호 오류시 보안문자입력 팝업창 노출 - 보안문자 새로고침 확인 - 보안문자 정상 입력시 로그인페이지로 이동
B76: 37 | C76: OTS | D76: IT-MB-004-037 | E76: 로그인 | F76: FO | G76: 중 | H76: 비밀번호 변경이력 확인 | I76: 1. 로그인 페이지 2. N일내 비밀번호 변경이력이 없는 회원의 로그인 확인 | J76: N일내 비밀번호 변경이력이 없는 회원의 ID, PW 입력 | K76: 로그인 완료 후 N일내 PW변경 이력이 없는 회원은 PW변경 팝업 노출
B77: 38 | C77: OTS | D77: IT-MB-004-038 | E77: 로그인 | F77: FO | G77: 중 | H77: 아이디 저장 체크 확인 | I77: 1. 로그인 페이지 2. 아이디 저장 체크 후 로그아웃 뒤에 재 로그인 | K77: 재로그인시 저장되었던 아이디 자동입력
B78: 39 | C78: OTS | D78: IT-MB-004-039 | E78: 로그인 | F78: FO | G78: 중 | H78: 자동로그아웃 | I78: 1. 로그인 페이지 2. 로그인 후 2시간 경과시 자동로그아웃 확인 | K78: 로그인 2시간 경과후 자동 로그아웃
B79: 40 | C79: OTS | D79: IT-MB-004-040 | E79: 로그인 | F79: FO | G79: 중 | H79: 비밀번호 변경안내 팝업 확인 | I79: 1. BO > 조건날짜관리에 날짜 입력 2. 로그인 페이지 > 로그인완료 3. 비밀번호 변경 이력 N일 확인 | K79: 비밀번호 변경이력 N일이 BO 조건날짜관리에서 입력한대로 정확히 표시되는지 확인 - BO에서 90일로 체크시 90일 이후 로그인 회원은 비밀번호 변경 팝업 노출
B80: 41 | C80: OTS | D80: IT-MB-004-041 | E80: 로그인 | F80: FO | G80: 중 | H80: 비밀번호 변경안내 팝업 확인 | I80: 1. BO > 조건날짜관리에 날짜 입력 2. 로그인 페이지 > 로그인완료 3. 다음에변경, 지금변경 버튼 선택 | K80: 다음에 변경 버튼 : 창닫힘 지금변경: 비밀번호 변경 페이지로 이동
B81: 42 | C81: OTS | D81: IT-MB-004-042 | E81: 로그인 | F81: FO | G81: 상 | H81: SNS로그인 확인 | I81: 1. 로그인 페이지 2. 페이스북로그인, 네이버로그인, 카카오로그인 버튼 선택 | K81: 정상 로그인 후 로그인 이전 페이지 이동(예 : 장바구니페이지에서 로그인 완료후 장바구니페이지로 이동) - 멤버십회원, 온라인회원은 회원전환 페이지 팝업 노출
B82: 43 | C82: OTS | D82: IT-MB-004-043 | E82: 로그인 | F82: FO | G82: 상 | H82: SNS로그인 계정연동 확인 | I82: 1. 로그인 페이지 2. 페이스북로그인, 네이버로그인, 카카오로그인 버튼 선택 | J82: 계정연동이 안된 페이스북, 네이버, 카카오 계정입력 | K82: SNS 계정연결 팝업창 노출
B83: 44 | C83: OTS | D83: IT-MB-004-044 | E83: 로그인 | F83: FO | G83: 중 | H83: 기존아이디 SNS 계정연결 확인 | I83: 1. 로그인 페이지 2. 계정연결이 안된 페이스북로그인, 네이버로그인, 카카오로그인 3. 기존아이디 연결 버튼 선택 | K83: [확인] : 창닫힘 > 마이페이지 > 개인정보 > SNS연결설정 페이지로 이동 [취소] : 창닫힘 > 메인화면 이동
B84: 45 | C84: OTS | D84: IT-MB-004-045 | E84: 로그인 | F84: FO | G84: 중 | H84: 신규가입 후 연결 SNS 계정연결 확인 | I84: 1. 로그인 페이지 2. 계정연결이 안된 페이스북로그인, 네이버로그인, 카카오로그인 3. 신규가입 후 연결 버튼 선택 | K84: 회원가입 게이트 페이지로 이동
B85: 46 | C85: OTS | D85: IT-MB-004-046 | E85: 로그인 | F85: MO | G85: 상 | H85: 로그인 페이지 | I85: 1. 로그인 페이지 2. 각 버튼 링크 확인 - 회원로그인탭, 비회원 주문조회, 페이스북로그인, 네이버로그인, 카카오로그인, 아이디찾기, 비밀번호찾기, 회원가입, 비회원 주문 버튼 선택 | K85: 각 버튼의 링크가 정확하게 이동되는지 확인
B86: 47 | C86: OTS | D86: IT-MB-004-047 | E86: 로그인 | F86: MO | G86: 상 | H86: 정상 로그인 | I86: 1. 로그인 페이지 2. 통합멤버십회원 로그인 확인 | J86: 통합멤버십회원 ID, PW 입력 | K86: 로그인 후 로그인 이전 페이지 이동(예 : 장바구니페이지에서 로그인 완료후 장바구니페이지로 이동)
B87: 48 | C87: OTS | D87: IT-MB-004-048 | E87: 로그인 | F87: MO | G87: 상 | H87: 정상 로그인 | I87: 1. 로그인 페이지 2. 멤버십회원 로그인 확인 | J87: 통합멤버십회원 ID, PW 입력 | K87: 멤버십회원인 경우 회원전환 페이지 팝업 노출 - 로그인 후 로그인 이전 페이지 이동 확인
B88: 49 | C88: OTS | D88: IT-MB-004-049 | E88: 로그인 | F88: MO | G88: 상 | H88: 정상 로그인 | I88: 1. 로그인 페이지 2. 온라인회원 로그인 확인 | J88: 온라인회원 ID, PW 입력 | K88: 온라인회원인 경우 회원전환 페이지 팝업 노출 - 로그인 후 로그인 이전 페이지 이동 확인
B89: 50 | C89: OTS | D89: IT-MB-004-050 | E89: 로그인 | F89: MO | G89: 중 | H89: 탈퇴회원 로그인 | I89: 1. 로그인 페이지 2. 탈퇴회원 로그인 확인 - 회원 구분별 ID, PW 입력 후 탈퇴회원 안내 확인 | J89: 탈퇴후 14일 이내회원 ID, PW입력 | K89: 탈퇴회원안내 팝업 노출
B90: 51 | C90: OTS | D90: IT-MB-004-051 | E90: 로그인 | F90: MO | G90: 중 | H90: 비밀번호 오류 | I90: 1. 로그인 페이지 2. PW 오류 로그인 확인 | J90: PW 입력 5회 오류 | K90: 5회 비밀번호 오류시 보안문자입력 팝업창 노출 - 보안문자 새로고침 확인 - 보안문자 정상 입력시 로그인페이지로 이동
B91: 52 | C91: OTS | D91: IT-MB-004-052 | E91: 로그인 | F91: MO | G91: 중 | H91: 비밀번호 변경이력 확인 | I91: 1. 로그인 페이지 2. N일내 비밀번호 변경이력이 없는 회원의 로그인 확인 | J91: N일내 비밀번호 변경이력이 없는 회원의 ID, PW 입력 | K91: 로그인 완료 후 N일내 PW변경 이력이 없는 회원은 PW변경 팝업 노출
B92: 53 | C92: OTS | D92: IT-MB-004-053 | E92: 로그인 | F92: MO | G92: 중 | H92: 아이디 저장 체크 확인 | I92: 1. 로그인 페이지 2. 아이디 저장 체크 후 로그아웃 뒤에 재 로그인 | K92: 재로그인시 저장되었던 아이디 자동입력
B93: 54 | C93: OTS | D93: IT-MB-004-054 | E93: 로그인 | F93: MO | G93: 중 | H93: 자동로그아웃 | I93: 1. 로그인 페이지 2. 로그인 후 2시간 경과시 자동로그아웃 확인 | K93: 로그인 2시간 경과후 자동 로그아웃
B94: 55 | C94: OTS | D94: IT-MB-004-055 | E94: 로그인 | F94: MO | G94: 중 | H94: 비밀번호 변경안내 팝업 확인 | I94: 1. BO > 조건날짜관리에 날짜 입력 2. 로그인 페이지 > 로그인완료 3. 비밀번호 변경 이력 N일 확인 | K94: 비밀번호 변경이력 N일이 BO 조건날짜관리에서 입력한대로 정확히 표시되는지 확인 - BO에서 90일로 체크시 90일 이후 로그인 회원은 비밀번호 변경 팝업 노출
B95: 56 | C95: OTS | D95: IT-MB-004-056 | E95: 로그인 | F95: MO | G95: 중 | H95: 비밀번호 변경안내 팝업 확인 | I95: 1. BO > 조건날짜관리에 날짜 입력 2. 로그인 페이지 > 로그인완료 3. 다음에변경, 지금변경 버튼 선택 | K95: 다음에 변경 버튼 : 창닫힘 지금변경: 비밀번호 변경 페이지로 이동
B96: 57 | C96: OTS | D96: IT-MB-004-057 | E96: 로그인 | F96: MO | G96: 상 | H96: SNS로그인 확인 | I96: 1. 로그인 페이지 2. 페이스북로그인, 네이버로그인, 카카오로그인 버튼 선택 | K96: 정상 로그인 후 로그인 이전 페이지 이동(예 : 장바구니페이지에서 로그인 완료후 장바구니페이지로 이동) - 멤버십회원, 온라인회원은 회원전환 페이지 팝업 노출
B97: 58 | C97: OTS | D97: IT-MB-004-058 | E97: 로그인 | F97: MO | G97: 상 | H97: SNS로그인 계정연동 확인 | I97: 1. 로그인 페이지 2. 페이스북로그인, 네이버로그인, 카카오로그인 버튼 선택 | J97: 계정연동이 안된 페이스북, 네이버, 카카오 계정입력 | K97: SNS 계정연결 팝업창 노출
B98: 59 | C98: OTS | D98: IT-MB-004-059 | E98: 로그인 | F98: MO | G98: 중 | H98: 기존아이디 SNS 계정연결 확인 | I98: 1. 로그인 페이지 2. 계정연결이 안된 페이스북로그인, 네이버로그인, 카카오로그인 3. 기존아이디 연결 버튼 선택 | K98: [확인] : 창닫힘 > 마이페이지 > 개인정보 > SNS연결설정 페이지로 이동 [취소] : 창닫힘 > 메인화면 이동
B99: 60 | C99: OTS | D99: IT-MB-004-060 | E99: 로그인 | F99: MO | G99: 중 | H99: 신규가입 후 연결 SNS 계정연결 확인 | I99: 1. 로그인 페이지 2. 계정연결이 안된 페이스북로그인, 네이버로그인, 카카오로그인 3. 신규가입 후 연결 버튼 선택 | K99: 회원가입 게이트 페이지로 이동
B100: 61 | C100: A-RT | D100: IT-MB-004-061 | E100: 로그인 | F100: BO | G100: 중 | H100: 비밀번호 초기화 | I100: 1. BO > 회원정보 > 회원기본정보 2. 비밀번호 초기화 버튼 선택 | J100: 비밀번호 초기화 버튼 선택 | K100: 비밀번호 초기화 여부가 Y로 표시되는지 확인 - 비밀번호 변경기한이 변경되는지 확인 - 비밀번호 초기화 후 사용자 본인이 비밀번호를 변경한 경우’ Y->N으로 변경 되는지 확인
B101: 62 | C101: A-RT | D101: IT-MB-004-062 | E101: 로그인 | F101: BO | G101: 중 | H101: 비밀번호 변경기한 | I101: 1. BO > 회원정보 > 회원기본정보 2. 비밀번호 초기화 버튼 선택 | K101: 비밀번호 변경기한이 변경되는지 확인
B102: 63 | C102: A-RT | D102: IT-MB-004-063 | E102: 로그인 | F102: BO | G102: 중 | H102: SNS 연동 | I102: 1. BO > 회원정보 > 회원기본정보 2. SNS연동 회원의 SNS 연동정보 확인 | K102: 연동된 SNS 명이 노출되는지 확인

Sheet 4_ID 찾기
B2: 참조 문서 | C2: ABC_04.설계_03.프로세스정의서_01.회원_20190425_v1.10.pptx ABC_04.설계_02.화면설계서_FO_02.회원_20190502_v1.10.pptx ABC_04.설계_02.화면설계서_MO_02.회원_20190502_v1.02.pptx ABC_04.설계_02.화면설계서_BO_01_회원_20190429_v2.02.pptx
B4: 프로세스
B34: 시나리오 순서
B35: 1. ID 찾기 (IT-MB-005) - 이메일 주소로 찾기 : 1 > 2 > 3 > 4 > 5 - 휴대폰 번호로 찾기 : 6 > 7 > 8 > 9 > 10
B36: 테스트 사전 준비사항
B37: 통합멤버십회원, 온라인회원 계정별 휴대폰번호, 이메일이 정상적으로 등록된 계정
B39: No. | C39: 사이트 | D39: ID | E39: 시나리오명 | F39: SYS | G39: 중요도 | H39: 테스트 항목 | I39: 수행 절차 | J39: 입력값 | K39: 기대 결과 | L39: 수행일자 | M39: 수행자 | N39: 테스트결과 | O39: 결함사항 | P39: 수정여부 | Q39: 비고
B40: 1 | C40: A-RT | D40: IT-MB-005-001 | E40: ID 찾기 | F40: FO | G40: 상 | H40: ID 찾기 페이지 | I40: 1. ID 찾기 페이지 2. 휴대폰 번호로 찾기, 이메일 주소로 찾기, 회원가입 버튼 선택 | K40: 각 버튼의 링크가 정확하게 이동되는지 확인
B41: 2 | C41: A-RT | D41: IT-MB-005-002 | E41: ID 찾기 | F41: FO | G41: 상 | H41: 이메일 주소로 찾기 | I41: 1. ID 찾기 > 이메일 주소로 찾기 2. 이름, 이메일주소 입력 후 인증번호 요청 선택 | J41: 이름, 이메일주소 입력 | K41: 이름, 이메일을 정상적으로 입력시 등록된 이메일 주소로 인증번호가 발송되는지 확인
B42: 3 | C42: A-RT | D42: IT-MB-005-003 | E42: ID 찾기 | F42: FO | G42: 상 | H42: 이메일 주소로 찾기 | I42: 1. ID 찾기 > 이메일 주소로 찾기 2. 일치하지 않는 이름, 이메일주소 입력 후 인증번호 요청 선택 | J42: 이름, 이메일주소 입력 | K42: 이름, 이메일을 비정상적으로 입력시 실패페이지 팝업 노출
B43: 4 | C43: A-RT | D43: IT-MB-005-004 | E43: ID 찾기 | F43: FO | G43: 상 | H43: 이메일 주소로 찾기 | I43: 1. ID 찾기 > 이메일 주소로 찾기 2. 탈퇴후 14일 미만인 이름, 이메일주소 입력 후 인증번호 요청 선택 | J43: 이름, 이메일주소 입력 | K43: 탈퇴후 14일 미만인 이름, 이메일을 비정상적으로 입력시 실패페이지 팝업 노출(탈퇴 회원안내 페이지 삭제됨)
B44: 5 | C44: A-RT | D44: IT-MB-005-005 | E44: ID 찾기 | F44: FO | G44: 상 | H44: 이메일 주소로 찾기 인증번호 입력 | I44: 1. ID 찾기 페이지 > 이메일 주소로 찾기 > 인증번호 입력 2. 인증번호 입력 후 확인 버튼 선택 | J44: 인증번호 입력 | K44: 인증번호가 일치할 경우 성공페이지 팝업 노출 - 이름, 이메일이 일치하는 아이디가 노출 되는지 확인
B45: 6 | C45: A-RT | D45: IT-MB-005-006 | E45: ID 찾기 | F45: FO | G45: 상 | H45: 휴대폰 번호로 찾기 | I45: 1. ID 찾기 > 휴대폰 번호로 찾기 2. 이름, 휴대폰 번호 입력 후 인증번호 요청 선택 | J45: 이름, 휴대폰 번호 입력 | K45: 이름, 휴대폰 번호를 정상적으로 입력시 등록된 휴대폰 번호로 인증번호가 발송되는지 확인
B46: 7 | C46: A-RT | D46: IT-MB-005-007 | E46: ID 찾기 | F46: FO | G46: 상 | H46: 휴대폰 번호로 찾기 | I46: 1. ID 찾기 > 휴대폰 번호로 찾기 2. 일치하지 않는 이름, 휴대폰 번호 입력 후 인증번호 요청 선택 | J46: 이름, 휴대폰 번호 입력 | K46: 이름, 휴대폰 번호를 비정상적으로 입력시 실패페이지 팝업 노출
B47: 8 | C47: A-RT | D47: IT-MB-005-008 | E47: ID 찾기 | F47: FO | G47: 상 | H47: 휴대폰 번호로 찾기 | I47: 1. ID 찾기 > 휴대폰 번호로 찾기 2. 탈퇴후 14일 미만인 이름, 휴대폰 번호 입력 후 인증번호 요청 선택 | J47: 이름, 휴대폰 번호 입력 | K47: 탈퇴후 14일 미만인 이름, 휴대폰 번호를 비정상적으로 입력시 실패페이지 팝업 노출(탈퇴 회원안내 페이지 삭제됨)
B48: 9 | C48: A-RT | D48: IT-MB-005-009 | E48: ID 찾기 | F48: FO | G48: 상 | H48: 휴대폰 번호로 찾기 인증번호 입력 | I48: 1. ID 찾기 페이지 > 휴대폰 번호로 찾기 > 인증번호 입력 2. 인증번호 입력 후 확인 버튼 선택 | J48: 인증번호 입력 | K48: 인증번호가 일치할 경우 성공페이지 팝업 노출 - 이름, 휴대폰 번호가 일치하는 아이디가 노출 되는지 확인
B49: 10 | C49: A-RT | D49: IT-MB-005-010 | E49: ID 찾기 | F49: FO | G49: 하 | H49: ID 찾기 성공 | I49: 1. ID 찾기 페이지 > ID찾기 성공 2. 로그인, 비밀번호 찾기 버튼 선택 | K49: 각 페이지로 정상적으로 이동되는지 확인
B50: 11 | C50: A-RT | D50: IT-MB-005-011 | E50: ID 찾기 | F50: MO | G50: 상 | H50: ID 찾기 페이지 | I50: 1. ID 찾기 페이지 2. 휴대폰 번호로 찾기, 이메일 주소로 찾기, 회원가입 버튼 선택 | K50: 각 버튼의 링크가 정확하게 이동되는지 확인
B51: 12 | C51: A-RT | D51: IT-MB-005-012 | E51: ID 찾기 | F51: MO | G51: 상 | H51: 이메일 주소로 찾기 | I51: 1. ID 찾기 > 이메일 주소로 찾기 2. 이름, 이메일주소 입력 후 인증번호 요청 선택 | J51: 이름, 이메일주소 입력 | K51: 이름, 이메일을 정상적으로 입력시 등록된 이메일 주소로 인증번호가 발송되는지 확인
B52: 13 | C52: A-RT | D52: IT-MB-005-013 | E52: ID 찾기 | F52: MO | G52: 상 | H52: 이메일 주소로 찾기 | I52: 1. ID 찾기 > 이메일 주소로 찾기 2. 일치하지 않는 이름, 이메일주소 입력 후 인증번호 요청 선택 | J52: 이름, 이메일주소 입력 | K52: 이름, 이메일을 비정상적으로 입력시 실패페이지 팝업 노출
B53: 14 | C53: A-RT | D53: IT-MB-005-014 | E53: ID 찾기 | F53: MO | G53: 상 | H53: 이메일 주소로 찾기 | I53: 1. ID 찾기 > 이메일 주소로 찾기 2. 탈퇴후 14일 미만인 이름, 이메일주소 입력 후 인증번호 요청 선택 | J53: 이름, 이메일주소 입력 | K53: 탈퇴후 14일 미만인 이름, 이메일을 비정상적으로 입력시 실패페이지 팝업 노출(탈퇴 회원안내 페이지 삭제됨)
B54: 15 | C54: A-RT | D54: IT-MB-005-015 | E54: ID 찾기 | F54: MO | G54: 상 | H54: 이메일 주소로 찾기 인증번호 입력 | I54: 1. ID 찾기 페이지 > 이메일 주소로 찾기 > 인증번호 입력 2. 인증번호 입력 후 확인 버튼 선택 | J54: 인증번호 입력 | K54: 인증번호가 일치할 경우 성공페이지 팝업 노출 - 이름, 이메일이 일치하는 아이디가 노출 되는지 확인
B55: 16 | C55: A-RT | D55: IT-MB-005-016 | E55: ID 찾기 | F55: MO | G55: 상 | H55: 휴대폰 번호로 찾기 | I55: 1. ID 찾기 > 휴대폰 번호로 찾기 2. 이름, 휴대폰 번호 입력 후 인증번호 요청 선택 | J55: 이름, 휴대폰 번호 입력 | K55: 이름, 휴대폰 번호를 정상적으로 입력시 등록된 휴대폰 번호로 인증번호가 발송되는지 확인
B56: 17 | C56: A-RT | D56: IT-MB-005-017 | E56: ID 찾기 | F56: MO | G56: 상 | H56: 휴대폰 번호로 찾기 | I56: 1. ID 찾기 > 휴대폰 번호로 찾기 2. 일치하지 않는 이름, 휴대폰 번호 입력 후 인증번호 요청 선택 | J56: 이름, 휴대폰 번호 입력 | K56: 이름, 휴대폰 번호를 비정상적으로 입력시 실패페이지 팝업 노출
B57: 18 | C57: A-RT | D57: IT-MB-005-018 | E57: ID 찾기 | F57: MO | G57: 상 | H57: 휴대폰 번호로 찾기 | I57: 1. ID 찾기 > 휴대폰 번호로 찾기 2. 탈퇴후 14일 미만인 이름, 휴대폰 번호 입력 후 인증번호 요청 선택 | J57: 이름, 휴대폰 번호 입력 | K57: 탈퇴후 14일 미만인 이름, 휴대폰 번호를 비정상적으로 입력시 실패페이지 팝업 노출(탈퇴 회원안내 페이지 삭제됨)
B58: 19 | C58: A-RT | D58: IT-MB-005-019 | E58: ID 찾기 | F58: MO | G58: 상 | H58: 휴대폰 번호로 찾기 인증번호 입력 | I58: 1. ID 찾기 페이지 > 휴대폰 번호로 찾기 > 인증번호 입력 2. 인증번호 입력 후 확인 버튼 선택 | J58: 인증번호 입력 | K58: 인증번호가 일치할 경우 성공페이지 팝업 노출 - 이름, 휴대폰 번호가 일치하는 아이디가 노출 되는지 확인
B59: 20 | C59: A-RT | D59: IT-MB-005-020 | E59: ID 찾기 | F59: MO | G59: 하 | H59: ID 찾기 성공 | I59: 1. ID 찾기 페이지 > ID찾기 성공 2. 로그인, 비밀번호 찾기 버튼 선택 | K59: 각 페이지로 정상적으로 이동되는지 확인
B60: 21 | C60: OTS | D60: IT-MB-005-021 | E60: ID 찾기 | F60: FO | G60: 상 | H60: ID 찾기 페이지 | I60: 1. ID 찾기 페이지 2. 휴대폰 번호로 찾기, 이메일 주소로 찾기, 회원가입 버튼 선택 | K60: 각 버튼의 링크가 정확하게 이동되는지 확인
B61: 22 | C61: OTS | D61: IT-MB-005-022 | E61: ID 찾기 | F61: FO | G61: 상 | H61: 이메일 주소로 찾기 | I61: 1. ID 찾기 > 이메일 주소로 찾기 2. 이름, 이메일주소 입력 후 인증번호 요청 선택 | J61: 이름, 이메일주소 입력 | K61: 이름, 이메일을 정상적으로 입력시 등록된 이메일 주소로 인증번호가 발송되는지 확인
B62: 23 | C62: OTS | D62: IT-MB-005-023 | E62: ID 찾기 | F62: FO | G62: 상 | H62: 이메일 주소로 찾기 | I62: 1. ID 찾기 > 이메일 주소로 찾기 2. 일치하지 않는 이름, 이메일주소 입력 후 인증번호 요청 선택 | J62: 이름, 이메일주소 입력 | K62: 이름, 이메일을 비정상적으로 입력시 실패페이지 팝업 노출
B63: 24 | C63: OTS | D63: IT-MB-005-024 | E63: ID 찾기 | F63: FO | G63: 상 | H63: 이메일 주소로 찾기 | I63: 1. ID 찾기 > 이메일 주소로 찾기 2. 탈퇴후 14일 미만인 이름, 이메일주소 입력 후 인증번호 요청 선택 | J63: 이름, 이메일주소 입력 | K63: 탈퇴후 14일 미만인 이름, 이메일을 비정상적으로 입력시 실패페이지 팝업 노출(탈퇴 회원안내 페이지 삭제됨)
B64: 25 | C64: OTS | D64: IT-MB-005-025 | E64: ID 찾기 | F64: FO | G64: 상 | H64: 이메일 주소로 찾기 인증번호 입력 | I64: 1. ID 찾기 페이지 > 이메일 주소로 찾기 > 인증번호 입력 2. 인증번호 입력 후 확인 버튼 선택 | J64: 인증번호 입력 | K64: 인증번호가 일치할 경우 성공페이지 팝업 노출 - 이름, 이메일이 일치하는 아이디가 노출 되는지 확인
B65: 26 | C65: OTS | D65: IT-MB-005-026 | E65: ID 찾기 | F65: FO | G65: 상 | H65: 휴대폰 번호로 찾기 | I65: 1. ID 찾기 > 휴대폰 번호로 찾기 2. 이름, 휴대폰 번호 입력 후 인증번호 요청 선택 | J65: 이름, 휴대폰 번호 입력 | K65: 이름, 휴대폰 번호를 정상적으로 입력시 등록된 휴대폰 번호로 인증번호가 발송되는지 확인
B66: 27 | C66: OTS | D66: IT-MB-005-027 | E66: ID 찾기 | F66: FO | G66: 상 | H66: 휴대폰 번호로 찾기 | I66: 1. ID 찾기 > 휴대폰 번호로 찾기 2. 일치하지 않는 이름, 휴대폰 번호 입력 후 인증번호 요청 선택 | J66: 이름, 휴대폰 번호 입력 | K66: 이름, 휴대폰 번호를 비정상적으로 입력시 실패페이지 팝업 노출
B67: 28 | C67: OTS | D67: IT-MB-005-028 | E67: ID 찾기 | F67: FO | G67: 상 | H67: 휴대폰 번호로 찾기 | I67: 1. ID 찾기 > 휴대폰 번호로 찾기 2. 탈퇴후 14일 미만인 이름, 휴대폰 번호 입력 후 인증번호 요청 선택 | J67: 이름, 휴대폰 번호 입력 | K67: 탈퇴후 14일 미만인 이름, 휴대폰 번호를 비정상적으로 입력시 실패페이지 팝업 노출(탈퇴 회원안내 페이지 삭제됨)
B68: 29 | C68: OTS | D68: IT-MB-005-029 | E68: ID 찾기 | F68: FO | G68: 상 | H68: 휴대폰 번호로 찾기 인증번호 입력 | I68: 1. ID 찾기 페이지 > 휴대폰 번호로 찾기 > 인증번호 입력 2. 인증번호 입력 후 확인 버튼 선택 | J68: 인증번호 입력 | K68: 인증번호가 일치할 경우 성공페이지 팝업 노출 - 이름, 휴대폰 번호가 일치하는 아이디가 노출 되는지 확인
B69: 30 | C69: OTS | D69: IT-MB-005-030 | E69: ID 찾기 | F69: FO | G69: 하 | H69: ID 찾기 성공 | I69: 1. ID 찾기 페이지 > ID찾기 성공 2. 로그인, 비밀번호 찾기 버튼 선택 | K69: 각 페이지로 정상적으로 이동되는지 확인
B70: 31 | C70: OTS | D70: IT-MB-005-031 | E70: ID 찾기 | F70: MO | G70: 상 | H70: ID 찾기 페이지 | I70: 1. ID 찾기 페이지 2. 휴대폰 번호로 찾기, 이메일 주소로 찾기, 회원가입 버튼 선택 | K70: 각 버튼의 링크가 정확하게 이동되는지 확인
B71: 32 | C71: OTS | D71: IT-MB-005-032 | E71: ID 찾기 | F71: MO | G71: 상 | H71: 이메일 주소로 찾기 | I71: 1. ID 찾기 > 이메일 주소로 찾기 2. 이름, 이메일주소 입력 후 인증번호 요청 선택 | J71: 이름, 이메일주소 입력 | K71: 이름, 이메일을 정상적으로 입력시 등록된 이메일 주소로 인증번호가 발송되는지 확인
B72: 33 | C72: OTS | D72: IT-MB-005-033 | E72: ID 찾기 | F72: MO | G72: 상 | H72: 이메일 주소로 찾기 | I72: 1. ID 찾기 > 이메일 주소로 찾기 2. 일치하지 않는 이름, 이메일주소 입력 후 인증번호 요청 선택 | J72: 이름, 이메일주소 입력 | K72: 이름, 이메일을 비정상적으로 입력시 실패페이지 팝업 노출
B73: 34 | C73: OTS | D73: IT-MB-005-034 | E73: ID 찾기 | F73: MO | G73: 상 | H73: 이메일 주소로 찾기 | I73: 1. ID 찾기 > 이메일 주소로 찾기 2. 탈퇴후 14일 미만인 이름, 이메일주소 입력 후 인증번호 요청 선택 | J73: 이름, 이메일주소 입력 | K73: 탈퇴후 14일 미만인 이름, 이메일을 비정상적으로 입력시 실패페이지 팝업 노출(탈퇴 회원안내 페이지 삭제됨)
B74: 35 | C74: OTS | D74: IT-MB-005-035 | E74: ID 찾기 | F74: MO | G74: 상 | H74: 이메일 주소로 찾기 인증번호 입력 | I74: 1. ID 찾기 페이지 > 이메일 주소로 찾기 > 인증번호 입력 2. 인증번호 입력 후 확인 버튼 선택 | J74: 인증번호 입력 | K74: 인증번호가 일치할 경우 성공페이지 팝업 노출 - 이름, 이메일이 일치하는 아이디가 노출 되는지 확인
B75: 36 | C75: OTS | D75: IT-MB-005-036 | E75: ID 찾기 | F75: MO | G75: 상 | H75: 휴대폰 번호로 찾기 | I75: 1. ID 찾기 > 휴대폰 번호로 찾기 2. 이름, 휴대폰 번호 입력 후 인증번호 요청 선택 | J75: 이름, 휴대폰 번호 입력 | K75: 이름, 휴대폰 번호를 정상적으로 입력시 등록된 휴대폰 번호로 인증번호가 발송되는지 확인
B76: 37 | C76: OTS | D76: IT-MB-005-037 | E76: ID 찾기 | F76: MO | G76: 상 | H76: 휴대폰 번호로 찾기 | I76: 1. ID 찾기 > 휴대폰 번호로 찾기 2. 일치하지 않는 이름, 휴대폰 번호 입력 후 인증번호 요청 선택 | J76: 이름, 휴대폰 번호 입력 | K76: 이름, 휴대폰 번호를 비정상적으로 입력시 실패페이지 팝업 노출
B77: 38 | C77: OTS | D77: IT-MB-005-038 | E77: ID 찾기 | F77: MO | G77: 상 | H77: 휴대폰 번호로 찾기 | I77: 1. ID 찾기 > 휴대폰 번호로 찾기 2. 탈퇴후 14일 미만인 이름, 휴대폰 번호 입력 후 인증번호 요청 선택 | J77: 이름, 휴대폰 번호 입력 | K77: 탈퇴후 14일 미만인 이름, 휴대폰 번호를 비정상적으로 입력시 실패페이지 팝업 노출(탈퇴 회원안내 페이지 삭제됨)
B78: 39 | C78: OTS | D78: IT-MB-005-039 | E78: ID 찾기 | F78: MO | G78: 상 | H78: 휴대폰 번호로 찾기 인증번호 입력 | I78: 1. ID 찾기 페이지 > 휴대폰 번호로 찾기 > 인증번호 입력 2. 인증번호 입력 후 확인 버튼 선택 | J78: 인증번호 입력 | K78: 인증번호가 일치할 경우 성공페이지 팝업 노출 - 이름, 휴대폰 번호가 일치하는 아이디가 노출 되는지 확인
B79: 40 | C79: OTS | D79: IT-MB-005-040 | E79: ID 찾기 | F79: MO | G79: 하 | H79: ID 찾기 성공 | I79: 1. ID 찾기 페이지 > ID찾기 성공 2. 로그인, 비밀번호 찾기 버튼 선택 | K79: 각 페이지로 정상적으로 이동되는지 확인

Sheet 5_PW 찾기
B2: 참조 문서 | C2: ABC_04.설계_03.프로세스정의서_01.회원_20190425_v1.10.pptx ABC_04.설계_02.화면설계서_FO_02.회원_20190502_v1.10.pptx ABC_04.설계_02.화면설계서_MO_02.회원_20190502_v1.02.pptx ABC_04.설계_02.화면설계서_BO_01_회원_20190429_v2.02.pptx
B4: 프로세스
B34: 시나리오 순서
B35: 1. PW 찾기(IT-MB-006) - 이메일 주소로 찾기 : 1 > 2 > 3 > 4 > 5 > 6 - 휴대폰 번호로 찾기 : 7 > 8 > 9 > 10 > 11 > 12 - 본인 인증으로 찾기 : 13 > 14 > 15 > 16
B36: 테스트 사전 준비사항
B37: 통합멤버십회원, 온라인회원 계정별 휴대폰번호, 이메일이 정상적으로 등록된 계정
B39: No. | C39: 사이트 | D39: ID | E39: 시나리오명 | F39: SYS | G39: 중요도 | H39: 테스트 항목 | I39: 수행 절차 | J39: 입력값 | K39: 기대 결과 | L39: 수행일자 | M39: 수행자 | N39: 테스트결과 | O39: 결함사항 | P39: 수정여부 | Q39: 비고
B40: 1 | C40: A-RT | D40: IT-MB-006-001 | E40: PW 찾기 | F40: FO | G40: 상 | H40: 비밀번호 찾기 페이지 | I40: 1. PW 찾기 페이지 2. 휴대폰 번호로 찾기, 이메일 주소로 찾기, 본인인증으로 찾기, 아이디 찾기, 회원가입 버튼 선택 | K40: 각 버튼의 링크가 정확하게 이동되는지 확인
B41: 2 | C41: A-RT | D41: IT-MB-006-002 | E41: PW 찾기 | F41: FO | G41: 상 | H41: 휴대폰 번호로 찾기 | I41: 1. PW 찾기 > 휴대폰 번호로 찾기 2. 아이디, 이름, 휴대폰 번호 입력 후 인증번호 요청 선택 | K41: 아이디, 이름, 휴대폰 번호를 정상적으로 입력시 등록된 휴대폰 번호로 인증번호가 발송되는지 확인
B42: 3 | C42: A-RT | D42: IT-MB-006-003 | E42: PW 찾기 | F42: FO | G42: 상 | H42: 휴대폰 번호로 찾기 | I42: 1. PW 찾기 > 휴대폰 번호로 찾기 2. 일치하지 않는 아이디, 이름, 휴대폰 번호 입력 후 인증번호 요청 선택 | J42: 이름, 휴대폰 번호 입력 | K42: 아이디, 이름, 휴대폰 번호를 비정상적으로 입력시 실패페이지 팝업 노출
B43: 4 | C43: A-RT | D43: IT-MB-006-004 | E43: PW 찾기 | F43: FO | G43: 상 | H43: 휴대폰 번호로 찾기 | I43: 1. PW 찾기 > 휴대폰 번호로 찾기 2. 탈퇴후 14일 미만인 아이디, 이름, 휴대폰 번호 입력 후 인증번호 요청 선택 | J43: 이름, 휴대폰 번호 입력 | K43: 탈퇴후 14일 미만인 아이디, 이름, 휴대폰 번호를 비정상적으로 입력시 실패페이지 팝업 노출(탈퇴 회원안내 페이지 삭제됨)
B44: 5 | C44: A-RT | D44: IT-MB-006-005 | E44: PW 찾기 | F44: FO | G44: 상 | H44: 휴대폰 번호로 찾기 인증번호 입력 | I44: 1. PW 찾기 > 휴대폰 번호로 찾기 > 인증번호 입력 2. 인증번호 입력 후 확인 버튼 선택 | J44: 인증번호 입력 | K44: 인증번호가 일치할 경우 새비밀번호 입력 페이지가 노출 되는지 확인
B45: 6 | C45: A-RT | D45: IT-MB-006-006 | E45: PW 찾기 | F45: FO | G45: 상 | H45: 이메일 주소로 찾기 | I45: 1. PW 찾기 > 이메일 주소로 찾기 2. 아이디, 이름, 이메일주소 입력 후 인증번호 요청 선택 | J45: 아이디, 이름, 이메일주소 입력 | K45: 아이디, 이름, 이메일을 정상적으로 입력시 등록된 이메일 주소로 인증번호가 발송되는지 확인
B46: 7 | C46: A-RT | D46: IT-MB-006-007 | E46: PW 찾기 | F46: FO | G46: 상 | H46: 이메일 주소로 찾기 | I46: 1. PW 찾기 > 이메일 주소로 찾기 2. 일치하지 않는 아이디, 이름, 이메일주소 입력 후 인증번호 요청 선택 | J46: 아이디, 이름, 이메일주소 입력 | K46: 아이디, 이름, 이메일을 비정상적으로 입력시 실패페이지 팝업 노출(SB 없음)
B47: 8 | C47: A-RT | D47: IT-MB-006-008 | E47: PW 찾기 | F47: FO | G47: 상 | H47: 이메일 주소로 찾기 | I47: 1. PW 찾기 > 이메일 주소로 찾기 2. 탈퇴후 14일 미만인 아이디, 이름, 이메일주소 입력 후 인증번호 요청 선택 | J47: 아이디, 이름, 이메일주소 입력 | K47: 탈퇴후 14일 미만인 아이디, 이름, 이메일을 비정상적으로 입력시 실패페이지 팝업 노출(탈퇴 회원안내 페이지 삭제됨)(SB 없음)
B48: 9 | C48: A-RT | D48: IT-MB-006-009 | E48: PW 찾기 | F48: FO | G48: 상 | H48: 이메일 주소로 찾기 인증번호 입력 | I48: 1. PW 찾기 > 이메일 주소로 찾기 > 인증번호 입력 2. 인증번호 입력 후 확인 버튼 선택 | J48: 인증번호 입력 | K48: 인증번호가 일치할 경우 새비밀번호 입력 페이지가 노출 되는지 확인
B49: 10 | C49: A-RT | D49: IT-MB-006-010 | E49: PW 찾기 | F49: FO | G49: 상 | H49: 본인인증으로 찾기 | I49: 1. PW 찾기 > 본인인증으로 찾기 2. 아이디입력 후 휴대폰 인증 선택 | J49: 아이디입력 | K49: 본인인증 성공시 새비밀번호 입력 페이지가 노출 되는지 확인 - 본인인증 실패시 실패얼럿 노출
B50: 11 | C50: A-RT | D50: IT-MB-006-011 | E50: PW 찾기 | F50: FO | G50: 상 | H50: 본인인증으로 찾기 | I50: 1. PW 찾기 > 본인인증으로 찾기 2. 아이디입력 후 아이핀(I-PIN)본인인증 선택 | J50: 아이디입력 | K50: 본인인증 성공시 새비밀번호 입력 페이지가 노출 되는지 확인 - 본인인증 실패시 실패얼럿 노출
B51: 12 | C51: A-RT | D51: IT-MB-006-012 | E51: PW 찾기 | F51: FO | G51: 상 | H51: 비밀번호 찾기 성공 | I51: 1. PW 찾기 > PW 찾기 성공 2. 새비밀번호, 새비밀번호 확인 입력 후 확인 버튼 선택 | K51: 새로운 비밀번호로 로그인 확인
B52: 13 | C52: A-RT | D52: IT-MB-006-013 | E52: PW 찾기 | F52: MO | G52: 상 | H52: 비밀번호 찾기 페이지 | I52: 1. PW 찾기 페이지 2. 휴대폰 번호로 찾기, 이메일 주소로 찾기, 본인인증으로 찾기, 아이디 찾기, 회원가입 버튼 선택 | K52: 각 버튼의 링크가 정확하게 이동되는지 확인
B53: 14 | C53: A-RT | D53: IT-MB-006-014 | E53: PW 찾기 | F53: MO | G53: 상 | H53: 휴대폰 번호로 찾기 | I53: 1. PW 찾기 > 휴대폰 번호로 찾기 2. 아이디, 이름, 휴대폰 번호 입력 후 인증번호 요청 선택 | K53: 아이디, 이름, 휴대폰 번호를 정상적으로 입력시 등록된 휴대폰 번호로 인증번호가 발송되는지 확인
B54: 15 | C54: A-RT | D54: IT-MB-006-015 | E54: PW 찾기 | F54: MO | G54: 상 | H54: 휴대폰 번호로 찾기 | I54: 1. PW 찾기 > 휴대폰 번호로 찾기 2. 일치하지 않는 아이디, 이름, 휴대폰 번호 입력 후 인증번호 요청 선택 | J54: 이름, 휴대폰 번호 입력 | K54: 아이디, 이름, 휴대폰 번호를 비정상적으로 입력시 실패페이지 팝업 노출
B55: 16 | C55: A-RT | D55: IT-MB-006-016 | E55: PW 찾기 | F55: MO | G55: 상 | H55: 휴대폰 번호로 찾기 | I55: 1. PW 찾기 > 휴대폰 번호로 찾기 2. 탈퇴후 14일 미만인 아이디, 이름, 휴대폰 번호 입력 후 인증번호 요청 선택 | J55: 이름, 휴대폰 번호 입력 | K55: 탈퇴후 14일 미만인 아이디, 이름, 휴대폰 번호를 비정상적으로 입력시 실패페이지 팝업 노출(탈퇴 회원안내 페이지 삭제됨)
B56: 17 | C56: A-RT | D56: IT-MB-006-017 | E56: PW 찾기 | F56: MO | G56: 상 | H56: 휴대폰 번호로 찾기 인증번호 입력 | I56: 1. PW 찾기 > 휴대폰 번호로 찾기 > 인증번호 입력 2. 인증번호 입력 후 확인 버튼 선택 | J56: 인증번호 입력 | K56: 인증번호가 일치할 경우 새비밀번호 입력 페이지가 노출 되는지 확인
B57: 18 | C57: A-RT | D57: IT-MB-006-018 | E57: PW 찾기 | F57: MO | G57: 상 | H57: 이메일 주소로 찾기 | I57: 1. PW 찾기 > 이메일 주소로 찾기 2. 아이디, 이름, 이메일주소 입력 후 인증번호 요청 선택 | J57: 아이디, 이름, 이메일주소 입력 | K57: 아이디, 이름, 이메일을 정상적으로 입력시 등록된 이메일 주소로 인증번호가 발송되는지 확인
B58: 19 | C58: A-RT | D58: IT-MB-006-019 | E58: PW 찾기 | F58: MO | G58: 상 | H58: 이메일 주소로 찾기 | I58: 1. PW 찾기 > 이메일 주소로 찾기 2. 일치하지 않는 아이디, 이름, 이메일주소 입력 후 인증번호 요청 선택 | J58: 아이디, 이름, 이메일주소 입력 | K58: 아이디, 이름, 이메일을 비정상적으로 입력시 실패페이지 팝업 노출(SB 없음)
B59: 20 | C59: A-RT | D59: IT-MB-006-020 | E59: PW 찾기 | F59: MO | G59: 상 | H59: 이메일 주소로 찾기 | I59: 1. PW 찾기 > 이메일 주소로 찾기 2. 탈퇴후 14일 미만인 아이디, 이름, 이메일주소 입력 후 인증번호 요청 선택 | J59: 아이디, 이름, 이메일주소 입력 | K59: 탈퇴후 14일 미만인 아이디, 이름, 이메일을 비정상적으로 입력시 실패페이지 팝업 노출(탈퇴 회원안내 페이지 삭제됨)(SB 없음)
B60: 21 | C60: A-RT | D60: IT-MB-006-021 | E60: PW 찾기 | F60: MO | G60: 상 | H60: 이메일 주소로 찾기 인증번호 입력 | I60: 1. PW 찾기 > 이메일 주소로 찾기 > 인증번호 입력 2. 인증번호 입력 후 확인 버튼 선택 | J60: 인증번호 입력 | K60: 인증번호가 일치할 경우 새비밀번호 입력 페이지가 노출 되는지 확인
B61: 22 | C61: A-RT | D61: IT-MB-006-022 | E61: PW 찾기 | F61: MO | G61: 상 | H61: 본인인증으로 찾기 | I61: 1. PW 찾기 > 본인인증으로 찾기 2. 아이디입력 후 휴대폰 인증 선택 | J61: 아이디입력 | K61: 본인인증 성공시 새비밀번호 입력 페이지가 노출 되는지 확인 - 본인인증 실패시 실패얼럿 노출
B62: 23 | C62: A-RT | D62: IT-MB-006-023 | E62: PW 찾기 | F62: MO | G62: 상 | H62: 본인인증으로 찾기 | I62: 1. PW 찾기 > 본인인증으로 찾기 2. 아이디입력 후 아이핀(I-PIN)본인인증 선택 | J62: 아이디입력 | K62: 본인인증 성공시 새비밀번호 입력 페이지가 노출 되는지 확인 - 본인인증 실패시 실패얼럿 노출
B63: 24 | C63: A-RT | D63: IT-MB-006-024 | E63: PW 찾기 | F63: MO | G63: 상 | H63: 비밀번호 찾기 성공 | I63: 1. PW 찾기 > PW 찾기 성공 2. 새비밀번호, 새비밀번호 확인 입력 후 확인 버튼 선택 | K63: 새로운 비밀번호로 로그인 확인
B64: 25 | C64: OTS | D64: IT-MB-006-025 | E64: PW 찾기 | F64: FO | G64: 상 | H64: 비밀번호 찾기 페이지 | I64: 1. PW 찾기 페이지 2. 휴대폰 번호로 찾기, 이메일 주소로 찾기, 본인인증으로 찾기, 아이디 찾기, 회원가입 버튼 선택 | K64: 각 버튼의 링크가 정확하게 이동되는지 확인
B65: 26 | C65: OTS | D65: IT-MB-006-026 | E65: PW 찾기 | F65: FO | G65: 상 | H65: 휴대폰 번호로 찾기 | I65: 1. PW 찾기 > 휴대폰 번호로 찾기 2. 아이디, 이름, 휴대폰 번호 입력 후 인증번호 요청 선택 | K65: 아이디, 이름, 휴대폰 번호를 정상적으로 입력시 등록된 휴대폰 번호로 인증번호가 발송되는지 확인
B66: 27 | C66: OTS | D66: IT-MB-006-027 | E66: PW 찾기 | F66: FO | G66: 상 | H66: 휴대폰 번호로 찾기 | I66: 1. PW 찾기 > 휴대폰 번호로 찾기 2. 일치하지 않는 아이디, 이름, 휴대폰 번호 입력 후 인증번호 요청 선택 | J66: 이름, 휴대폰 번호 입력 | K66: 아이디, 이름, 휴대폰 번호를 비정상적으로 입력시 실패페이지 팝업 노출
B67: 28 | C67: OTS | D67: IT-MB-006-028 | E67: PW 찾기 | F67: FO | G67: 상 | H67: 휴대폰 번호로 찾기 | I67: 1. PW 찾기 > 휴대폰 번호로 찾기 2. 탈퇴후 14일 미만인 아이디, 이름, 휴대폰 번호 입력 후 인증번호 요청 선택 | J67: 이름, 휴대폰 번호 입력 | K67: 탈퇴후 14일 미만인 아이디, 이름, 휴대폰 번호를 비정상적으로 입력시 실패페이지 팝업 노출(탈퇴 회원안내 페이지 삭제됨)
B68: 29 | C68: OTS | D68: IT-MB-006-029 | E68: PW 찾기 | F68: FO | G68: 상 | H68: 휴대폰 번호로 찾기 인증번호 입력 | I68: 1. PW 찾기 > 휴대폰 번호로 찾기 > 인증번호 입력 2. 인증번호 입력 후 확인 버튼 선택 | J68: 인증번호 입력 | K68: 인증번호가 일치할 경우 새비밀번호 입력 페이지가 노출 되는지 확인
B69: 30 | C69: OTS | D69: IT-MB-006-030 | E69: PW 찾기 | F69: FO | G69: 상 | H69: 이메일 주소로 찾기 | I69: 1. PW 찾기 > 이메일 주소로 찾기 2. 아이디, 이름, 이메일주소 입력 후 인증번호 요청 선택 | J69: 아이디, 이름, 이메일주소 입력 | K69: 아이디, 이름, 이메일을 정상적으로 입력시 등록된 이메일 주소로 인증번호가 발송되는지 확인
B70: 31 | C70: OTS | D70: IT-MB-006-031 | E70: PW 찾기 | F70: FO | G70: 상 | H70: 이메일 주소로 찾기 | I70: 1. PW 찾기 > 이메일 주소로 찾기 2. 일치하지 않는 아이디, 이름, 이메일주소 입력 후 인증번호 요청 선택 | J70: 아이디, 이름, 이메일주소 입력 | K70: 아이디, 이름, 이메일을 비정상적으로 입력시 실패페이지 팝업 노출(SB 없음)
B71: 32 | C71: OTS | D71: IT-MB-006-032 | E71: PW 찾기 | F71: FO | G71: 상 | H71: 이메일 주소로 찾기 | I71: 1. PW 찾기 > 이메일 주소로 찾기 2. 탈퇴후 14일 미만인 아이디, 이름, 이메일주소 입력 후 인증번호 요청 선택 | J71: 아이디, 이름, 이메일주소 입력 | K71: 탈퇴후 14일 미만인 아이디, 이름, 이메일을 비정상적으로 입력시 실패페이지 팝업 노출(탈퇴 회원안내 페이지 삭제됨)(SB 없음)
B72: 33 | C72: OTS | D72: IT-MB-006-033 | E72: PW 찾기 | F72: FO | G72: 상 | H72: 이메일 주소로 찾기 인증번호 입력 | I72: 1. PW 찾기 > 이메일 주소로 찾기 > 인증번호 입력 2. 인증번호 입력 후 확인 버튼 선택 | J72: 인증번호 입력 | K72: 인증번호가 일치할 경우 새비밀번호 입력 페이지가 노출 되는지 확인
B73: 34 | C73: OTS | D73: IT-MB-006-034 | E73: PW 찾기 | F73: FO | G73: 상 | H73: 본인인증으로 찾기 | I73: 1. PW 찾기 > 본인인증으로 찾기 2. 아이디입력 후 휴대폰 인증 선택 | J73: 아이디입력 | K73: 본인인증 성공시 새비밀번호 입력 페이지가 노출 되는지 확인 - 본인인증 실패시 실패얼럿 노출
B74: 35 | C74: OTS | D74: IT-MB-006-035 | E74: PW 찾기 | F74: FO | G74: 상 | H74: 본인인증으로 찾기 | I74: 1. PW 찾기 > 본인인증으로 찾기 2. 아이디입력 후 아이핀(I-PIN)본인인증 선택 | J74: 아이디입력 | K74: 본인인증 성공시 새비밀번호 입력 페이지가 노출 되는지 확인 - 본인인증 실패시 실패얼럿 노출
B75: 36 | C75: OTS | D75: IT-MB-006-036 | E75: PW 찾기 | F75: FO | G75: 상 | H75: 비밀번호 찾기 성공 | I75: 1. PW 찾기 > PW 찾기 성공 2. 새비밀번호, 새비밀번호 확인 입력 후 확인 버튼 선택 | K75: 새로운 비밀번호로 로그인 확인
B76: 37 | C76: OTS | D76: IT-MB-006-037 | E76: PW 찾기 | F76: MO | G76: 상 | H76: 비밀번호 찾기 페이지 | I76: 1. PW 찾기 페이지 2. 휴대폰 번호로 찾기, 이메일 주소로 찾기, 본인인증으로 찾기, 아이디 찾기, 회원가입 버튼 선택 | K76: 각 버튼의 링크가 정확하게 이동되는지 확인
B77: 38 | C77: OTS | D77: IT-MB-006-038 | E77: PW 찾기 | F77: MO | G77: 상 | H77: 휴대폰 번호로 찾기 | I77: 1. PW 찾기 > 휴대폰 번호로 찾기 2. 아이디, 이름, 휴대폰 번호 입력 후 인증번호 요청 선택 | K77: 아이디, 이름, 휴대폰 번호를 정상적으로 입력시 등록된 휴대폰 번호로 인증번호가 발송되는지 확인
B78: 39 | C78: OTS | D78: IT-MB-006-039 | E78: PW 찾기 | F78: MO | G78: 상 | H78: 휴대폰 번호로 찾기 | I78: 1. PW 찾기 > 휴대폰 번호로 찾기 2. 일치하지 않는 아이디, 이름, 휴대폰 번호 입력 후 인증번호 요청 선택 | J78: 이름, 휴대폰 번호 입력 | K78: 아이디, 이름, 휴대폰 번호를 비정상적으로 입력시 실패페이지 팝업 노출
B79: 40 | C79: OTS | D79: IT-MB-006-040 | E79: PW 찾기 | F79: MO | G79: 상 | H79: 휴대폰 번호로 찾기 | I79: 1. PW 찾기 > 휴대폰 번호로 찾기 2. 탈퇴후 14일 미만인 아이디, 이름, 휴대폰 번호 입력 후 인증번호 요청 선택 | J79: 이름, 휴대폰 번호 입력 | K79: 탈퇴후 14일 미만인 아이디, 이름, 휴대폰 번호를 비정상적으로 입력시 실패페이지 팝업 노출(탈퇴 회원안내 페이지 삭제됨)
B80: 41 | C80: OTS | D80: IT-MB-006-041 | E80: PW 찾기 | F80: MO | G80: 상 | H80: 휴대폰 번호로 찾기 인증번호 입력 | I80: 1. PW 찾기 > 휴대폰 번호로 찾기 > 인증번호 입력 2. 인증번호 입력 후 확인 버튼 선택 | J80: 인증번호 입력 | K80: 인증번호가 일치할 경우 새비밀번호 입력 페이지가 노출 되는지 확인
B81: 42 | C81: OTS | D81: IT-MB-006-042 | E81: PW 찾기 | F81: MO | G81: 상 | H81: 이메일 주소로 찾기 | I81: 1. PW 찾기 > 이메일 주소로 찾기 2. 아이디, 이름, 이메일주소 입력 후 인증번호 요청 선택 | J81: 아이디, 이름, 이메일주소 입력 | K81: 아이디, 이름, 이메일을 정상적으로 입력시 등록된 이메일 주소로 인증번호가 발송되는지 확인
B82: 43 | C82: OTS | D82: IT-MB-006-043 | E82: PW 찾기 | F82: MO | G82: 상 | H82: 이메일 주소로 찾기 | I82: 1. PW 찾기 > 이메일 주소로 찾기 2. 일치하지 않는 아이디, 이름, 이메일주소 입력 후 인증번호 요청 선택 | J82: 아이디, 이름, 이메일주소 입력 | K82: 아이디, 이름, 이메일을 비정상적으로 입력시 실패페이지 팝업 노출(SB 없음)
B83: 44 | C83: OTS | D83: IT-MB-006-044 | E83: PW 찾기 | F83: MO | G83: 상 | H83: 이메일 주소로 찾기 | I83: 1. PW 찾기 > 이메일 주소로 찾기 2. 탈퇴후 14일 미만인 아이디, 이름, 이메일주소 입력 후 인증번호 요청 선택 | J83: 아이디, 이름, 이메일주소 입력 | K83: 탈퇴후 14일 미만인 아이디, 이름, 이메일을 비정상적으로 입력시 실패페이지 팝업 노출(탈퇴 회원안내 페이지 삭제됨)(SB 없음)
B84: 45 | C84: OTS | D84: IT-MB-006-045 | E84: PW 찾기 | F84: MO | G84: 상 | H84: 이메일 주소로 찾기 인증번호 입력 | I84: 1. PW 찾기 > 이메일 주소로 찾기 > 인증번호 입력 2. 인증번호 입력 후 확인 버튼 선택 | J84: 인증번호 입력 | K84: 인증번호가 일치할 경우 새비밀번호 입력 페이지가 노출 되는지 확인
B85: 46 | C85: OTS | D85: IT-MB-006-046 | E85: PW 찾기 | F85: MO | G85: 상 | H85: 본인인증으로 찾기 | I85: 1. PW 찾기 > 본인인증으로 찾기 2. 아이디입력 후 휴대폰 인증 선택 | J85: 아이디입력 | K85: 본인인증 성공시 새비밀번호 입력 페이지가 노출 되는지 확인 - 본인인증 실패시 실패얼럿 노출
B86: 47 | C86: OTS | D86: IT-MB-006-047 | E86: PW 찾기 | F86: MO | G86: 상 | H86: 본인인증으로 찾기 | I86: 1. PW 찾기 > 본인인증으로 찾기 2. 아이디입력 후 아이핀(I-PIN)본인인증 선택 | J86: 아이디입력 | K86: 본인인증 성공시 새비밀번호 입력 페이지가 노출 되는지 확인 - 본인인증 실패시 실패얼럿 노출
B87: 48 | C87: OTS | D87: IT-MB-006-048 | E87: PW 찾기 | F87: MO | G87: 상 | H87: 비밀번호 찾기 성공 | I87: 1. PW 찾기 > PW 찾기 성공 2. 새비밀번호, 새비밀번호 확인 입력 후 확인 버튼 선택 | K87: 새로운 비밀번호로 로그인 확인

Sheet 6_임직원 인증
B2: 참조 문서 | C2: ABC_04.설계_03.프로세스정의서_01.회원_20190425_v1.10.pptx ABC_04.설계_02.화면설계서_FO_02.회원_20190502_v1.10.pptx ABC_04.설계_02.화면설계서_MO_02.회원_20190502_v1.02.pptx ABC_04.설계_02.화면설계서_BO_01_회원_20190429_v2.02.pptx
B4: 프로세스
B34: 시나리오 순서
B35: 1. 임직원인증(IT-MB-007) : 1 > 2 > 3
B36: 테스트 사전 준비사항
B37: 통합멤버십회원 중 임직원으로 등록안된 임직원의 계정
B39: No. | C39: 사이트 | D39: ID | E39: 시나리오명 | F39: SYS | G39: 중요도 | H39: 테스트 항목 | I39: 수행 절차 | J39: 입력값 | K39: 기대 결과 | L39: 수행일자 | M39: 수행자 | N39: 테스트결과 | O39: 결함사항 | P39: 수정여부 | Q39: 비고
B40: 1 | C40: A-RT | D40: IT-MB-007-001 | E40: 임직원 인증 | F40: FO | G40: 상 | H40: 임직원 인증 | I40: Footer에 임직원 인증 버튼 선택 | K40: 임직원 인증 팝업창 노출
B41: 2 | C41: A-RT | D41: IT-MB-007-002 | E41: 임직원 인증 | F41: FO | G41: 상 | H41: 임직원 인증 성공 | I41: 1. 임직원 인증 페이지 2. 임직원 사번 입력 후 인증버튼 선택 | J41: 임직원 사번 입력 | K41: 정상 인증시 성공 팝업창 노출
B42: 3 | C42: A-RT | D42: IT-MB-007-003 | E42: 임직원 인증 | F42: FO | G42: 상 | H42: 임직원 인증 실패 | I42: 1. 임직원 인증 페이지 2. 임직원 사번 오류 입력 - 3회 반복 | K42: 인증실패 팝업창 노출 - 3회 인증실패시 접근제한 팝업창 노출
B43: 4 | C43: A-RT | D43: IT-MB-007-004 | E43: 임직원 인증 | F43: FO | G43: 중 | H43: 인증후 Footer변경 확인 | I43: 1. 인증전 - 통합멤버십 로그인 : 임직원 인증 2 인증후 - 임직원로그인 : 멤버십 로그인 3 인증후 - 일반로그인 : 임직원 로그인 | K43: 각 텍스트 및 링크가 정상적으로 동작하는지 확인
B44: 5 | C44: A-RT | D44: IT-MB-007-005 | E44: 임직원 인증 | F44: BO | G44: 상 | H44: 임직원 정보 확인 | I44: 1. BO > 회원정보 2. 임직원정보의 정보 확인 | K44: 사번, 이번달 잔여한도, 부서/직책, 입사일/퇴사일이 정확히 표시되는지 확인
B45: 6 | C45: A-RT | D45: IT-MB-007-006 | E45: 임직원 인증 | F45: BO | G45: 상 | H45: 임직원 인증 실패 확인 | I45: 1. 사용자 페이지에서 임직원이 인증 실패 2. BO > 회원정보 3. 임직원정보의 실패 횟수 확인 | K45: 임직원이 인증 실패시 실패 횟수 확인
B46: 7 | C46: A-RT | D46: IT-MB-007-007 | E46: 임직원 인증 | F46: BO | G46: 상 | H46: 임직원 인증 실패 초기화 | I46: 1. BO > 회원정보 2. 회원정보 > 임직원정보의 인증 초기화 선택 | K46: 실패횟수 0으로 변경 확인 - 초기화 여부 N->Y로 확인 - 사용자 인증 완료시 Y->N으로 변경 확인 - 최근 초기화 일시 날자 변경 확인
B47: 8 | C47: A-RT | D47: IT-MB-007-008 | E47: 임직원 인증 | F47: MO | G47: 상 | H47: 임직원 인증 | I47: Footer에 임직원 인증 버튼 선택 | K47: 임직원 인증 팝업창 노출
B48: 9 | C48: A-RT | D48: IT-MB-007-009 | E48: 임직원 인증 | F48: MO | G48: 상 | H48: 임직원 인증 성공 | I48: 1. 임직원 인증 페이지 2. 임직원 사번 입력 후 인증버튼 선택 | J48: 임직원 사번 입력 | K48: 정상 인증시 성공 팝업창 노출
B49: 10 | C49: A-RT | D49: IT-MB-007-010 | E49: 임직원 인증 | F49: MO | G49: 상 | H49: 임직원 인증 실패 | I49: 1. 임직원 인증 페이지 2. 임직원 사번 오류 입력 - 3회 반복 | K49: 인증실패 팝업창 노출 - 3회 인증실패시 접근제한 팝업창 노출
B50: 11 | C50: A-RT | D50: IT-MB-007-011 | E50: 임직원 인증 | F50: MO | G50: 중 | H50: 인증후 Footer변경 확인 | I50: 1. 인증전 - 통합멤버십 로그인 : 임직원 인증 2 인증후 - 임직원로그인 : 멤버십 로그인 3 인증후 - 일반로그인 : 임직원 로그인 | K50: 각 텍스트 및 링크가 정상적으로 동작하는지 확인
B51: 12 | C51: A-RT | D51: IT-MB-007-012 | E51: 임직원 인증 | F51: BO | G51: 상 | H51: 임직원 정보 확인 | I51: 1. BO > 회원정보 2. 임직원정보의 정보 확인 | K51: 사번, 이번달 잔여한도, 부서/직책, 입사일/퇴사일이 정확히 표시되는지 확인
B52: 13 | C52: A-RT | D52: IT-MB-007-013 | E52: 임직원 인증 | F52: BO | G52: 상 | H52: 임직원 인증 실패 확인 | I52: 1. 사용자 페이지에서 임직원이 인증 실패 2. BO > 회원정보 3. 임직원정보의 실패 횟수 확인 | K52: 임직원이 인증 실패시 실패 횟수 확인
B53: 14 | C53: A-RT | D53: IT-MB-007-014 | E53: 임직원 인증 | F53: BO | G53: 상 | H53: 임직원 인증 실패 초기화 | I53: 1. BO > 회원정보 2. 회원정보 > 임직원정보의 인증 초기화 선택 | K53: 실패횟수 0으로 변경 확인 - 초기화 여부 N->Y로 확인 - 사용자 인증 완료시 Y->N으로 변경 확인 - 최근 초기화 일시 날자 변경 확인
B54: 15 | C54: OTS | D54: IT-MB-007-015 | E54: 임직원 인증 | F54: FO | G54: 상 | H54: 임직원 인증 | I54: Footer에 임직원 인증 버튼 선택 | K54: 임직원 인증 팝업창 노출
B55: 16 | C55: OTS | D55: IT-MB-007-016 | E55: 임직원 인증 | F55: FO | G55: 상 | H55: 임직원 인증 성공 | I55: 1. 임직원 인증 페이지 2. 임직원 사번 입력 후 인증버튼 선택 | J55: 임직원 사번 입력 | K55: 정상 인증시 성공 팝업창 노출
B56: 17 | C56: OTS | D56: IT-MB-007-017 | E56: 임직원 인증 | F56: FO | G56: 상 | H56: 임직원 인증 실패 | I56: 1. 임직원 인증 페이지 2. 임직원 사번 오류 입력 - 3회 반복 | K56: 인증실패 팝업창 노출 - 3회 인증실패시 접근제한 팝업창 노출
B57: 18 | C57: OTS | D57: IT-MB-007-018 | E57: 임직원 인증 | F57: FO | G57: 중 | H57: 인증후 Footer변경 확인 | I57: 1. 인증전 - 통합멤버십 로그인 : 임직원 인증 2 인증후 - 임직원로그인 : 멤버십 로그인 3 인증후 - 일반로그인 : 임직원 로그인 | K57: 각 텍스트 및 링크가 정상적으로 동작하는지 확인
B58: 19 | C58: OTS | D58: IT-MB-007-019 | E58: 임직원 인증 | F58: BO | G58: 상 | H58: 임직원 정보 확인 | I58: 1. BO > 회원정보 2. 임직원정보의 정보 확인 | K58: 사번, 이번달 잔여한도, 부서/직책, 입사일/퇴사일이 정확히 표시되는지 확인
B59: 20 | C59: OTS | D59: IT-MB-007-020 | E59: 임직원 인증 | F59: BO | G59: 상 | H59: 임직원 인증 실패 확인 | I59: 1. 사용자 페이지에서 임직원이 인증 실패 2. BO > 회원정보 3. 임직원정보의 실패 횟수 확인 | K59: 임직원이 인증 실패시 실패 횟수 확인
B60: 21 | C60: OTS | D60: IT-MB-007-021 | E60: 임직원 인증 | F60: BO | G60: 상 | H60: 임직원 인증 실패 초기화 | I60: 1. BO > 회원정보 2. 회원정보 > 임직원정보의 인증 초기화 선택 | K60: 실패횟수 0으로 변경 확인 - 초기화 여부 N->Y로 확인 - 사용자 인증 완료시 Y->N으로 변경 확인 - 최근 초기화 일시 날자 변경 확인
B61: 22 | C61: OTS | D61: IT-MB-007-022 | E61: 임직원 인증 | F61: MO | G61: 상 | H61: 임직원 인증 | I61: Footer에 임직원 인증 버튼 선택 | K61: 임직원 인증 팝업창 노출
B62: 23 | C62: OTS | D62: IT-MB-007-023 | E62: 임직원 인증 | F62: MO | G62: 상 | H62: 임직원 인증 성공 | I62: 1. 임직원 인증 페이지 2. 임직원 사번 입력 후 인증버튼 선택 | J62: 임직원 사번 입력 | K62: 정상 인증시 성공 팝업창 노출
B63: 24 | C63: OTS | D63: IT-MB-007-024 | E63: 임직원 인증 | F63: MO | G63: 상 | H63: 임직원 인증 실패 | I63: 1. 임직원 인증 페이지 2. 임직원 사번 오류 입력 - 3회 반복 | K63: 인증실패 팝업창 노출 - 3회 인증실패시 접근제한 팝업창 노출
B64: 25 | C64: OTS | D64: IT-MB-007-025 | E64: 임직원 인증 | F64: MO | G64: 중 | H64: 인증후 Footer변경 확인 | I64: 1. 인증전 - 통합멤버십 로그인 : 임직원 인증 2 인증후 - 임직원로그인 : 멤버십 로그인 3 인증후 - 일반로그인 : 임직원 로그인 | K64: 각 텍스트 및 링크가 정상적으로 동작하는지 확인
B65: 26 | C65: OTS | D65: IT-MB-007-026 | E65: 임직원 인증 | F65: BO | G65: 상 | H65: 임직원 정보 확인 | I65: 1. BO > 회원정보 2. 임직원정보의 정보 확인 | K65: 사번, 이번달 잔여한도, 부서/직책, 입사일/퇴사일이 정확히 표시되는지 확인
B66: 27 | C66: OTS | D66: IT-MB-007-027 | E66: 임직원 인증 | F66: BO | G66: 상 | H66: 임직원 인증 실패 확인 | I66: 1. 사용자 페이지에서 임직원이 인증 실패 2. BO > 회원정보 3. 임직원정보의 실패 횟수 확인 | K66: 임직원이 인증 실패시 실패 횟수 확인
B67: 28 | C67: OTS | D67: IT-MB-007-028 | E67: 임직원 인증 | F67: BO | G67: 상 | H67: 임직원 인증 실패 초기화 | I67: 1. BO > 회원정보 2. 회원정보 > 임직원정보의 인증 초기화 선택 | K67: 실패횟수 0으로 변경 확인 - 초기화 여부 N->Y로 확인 - 사용자 인증 완료시 Y->N으로 변경 확인 - 최근 초기화 일시 날자 변경 확인

Sheet 7_회원 탈퇴
B2: 참조 문서 | C2: ABC_04.설계_03.프로세스정의서_01.회원_20190425_v1.10.pptx ABC_04.설계_02.화면설계서_FO_06_마이페이지_20190418_v1.06.pptx ABC_04.설계_02.화면설계서_MO_06.마이페이지_20190327_v1.00.pptx ABC_04.설계_02.화면설계서_BO_01_회원_20190429_v2.02.pptx
B4: 프로세스
B34: 시나리오 순서
B35: 1. 회원탈퇴 (IT-MB-008) : 1 > 2 > 3 2. 휴면예정회원 (IT-MB-009)
B36: 테스트 사전 준비사항
B37: 기 가입된 회원 계정
B39: No. | C39: 사이트 | D39: ID | E39: 시나리오명 | F39: SYS | G39: 중요도 | H39: 테스트 항목 | I39: 수행 절차 | J39: 입력값 | K39: 기대 결과 | L39: 수행일자 | M39: 수행자 | N39: 테스트결과 | O39: 결함사항 | P39: 수정여부 | Q39: 비고
B40: 1 | C40: A-RT | D40: IT-MB-008-001 | E40: 회원탈퇴 | F40: FO | G40: 상 | H40: 회원탈퇴 페이지 이동 | I40: 1. 로그인 > 마이페이지 2. 회원탈퇴 선택 | K40: 비밀번호 재확인 페이지 노출
B41: 2 | C41: A-RT | D41: IT-MB-008-002 | E41: 회원탈퇴 | F41: FO | G41: 상 | H41: 비밀번호 확인 | I41: 1. 로그인 > 마이페이지 2. 회원탈퇴 선택 > 비밀번호 입력 | J41: 비밀번호 입력 | K41: 비밀번호를 정확히 입력시 탈퇴 페이지로 이동
B42: 3 | C42: A-RT | D42: IT-MB-008-003 | E42: 회원탈퇴 | F42: FO | G42: 상 | H42: 정상 탈퇴 | I42: 1. 회원탈퇴 페이지 2. 탈퇴사유 선택 > 회원탈퇴 버튼 선택 | K42: 탈퇴불가 조건이 아닌 경우 탈퇴 완료 후 탈퇴 완료 페이지로 이동 - 탈퇴불가조건 : 주문중, AS신청, 클래임, - 탈퇴 Y/N 재확인 : 입금대기상태, 기프트카드존재
B43: 4 | C43: A-RT | D43: IT-MB-008-004 | E43: 회원탈퇴 | F43: FO | G43: 상 | H43: 탈퇴불가 사유별 확인 | I43: 1. 회원탈퇴 페이지 2. 주문중인 회원의 회원탈퇴 선택 | K43: 탈퇴불가 페이지 이동 - 주문중 상태 메시지 노출 확인
B44: 5 | C44: A-RT | D44: IT-MB-008-005 | E44: 회원탈퇴 | F44: FO | G44: 상 | H44: 탈퇴불가 사유별 확인 | I44: 1. 회원탈퇴 페이지 2. AS신청중 회원의 회원탈퇴 선택 | K44: 탈퇴불가 페이지 이동 - AS신청중 상태 메시지 노출 확인
B45: 6 | C45: A-RT | D45: IT-MB-008-006 | E45: 회원탈퇴 | F45: FO | G45: 상 | H45: 탈퇴불가 사유별 확인 | I45: 1. 회원탈퇴 페이지 2. 클래임 진행중 회원의 회원탈퇴 선택 | K45: 탈퇴불가 페이지 이동 - 클래임 진행중 상태 메시지 노출 확인
B46: 7 | C46: A-RT | D46: IT-MB-008-007 | E46: 회원탈퇴 | F46: FO | G46: 상 | H46: 탈퇴 재확인 | I46: 1. 회원탈퇴 페이지 2. 입금대기 상태 회원탈퇴 선택 | K46: 탈퇴 재확인 얼럿 노출 [취소] 현화면 유지 [확인] 회원탈퇴 완료 화면으로 이동
B47: 8 | C47: A-RT | D47: IT-MB-008-008 | E47: 회원탈퇴 | F47: FO | G47: 상 | H47: 탈퇴 재확인 | I47: 1. 회원탈퇴 페이지 2. 기프트카드 보유한 경우 회원탈퇴 선택 | K47: 탈퇴 재확인 얼럿 노출 - 보유 기프트 카드 번호 노출 [취소] 현화면 유지 [확인] 회원탈퇴 완료 화면으로 이동
B48: 9 | C48: A-RT | D48: IT-MB-008-009 | E48: 회원탈퇴 | F48: FO | G48: 중 | H48: 탈퇴완료 후 FO 확인 사항 | I48: 1. 회원탈퇴 완료 2. 로그인, 재 회원가입 테스트 | K48: - 탈퇴 이메일 발송 확인 - 14일 이내 재가입 불가 확인 - 재가입시 이전 아이디 가입불가 확인 - SNS연동 해제 확인
B49: 10 | C49: A-RT | D49: IT-MB-008-010 | E49: 회원탈퇴 | F49: FO | G49: 중 | H49: 탈퇴회원의 정보 확인 | I49: 1. 회원탈퇴 완료 2. 탈퇴회원의 문의, 상품후기, 상품Q&A, 탈퇴회원의 문의, 상품후기, 상품Q&A, 정보 조회 | K49: 탈퇴회원의 문의 및 후기 정보는 마스킹 처리(회원정보)되어 표시되는지 확인
B50: 11 | C50: A-RT | D50: IT-MB-008-011 | E50: 회원탈퇴 | F50: BO | G50: 상 | H50: 탈퇴회원의 정보 확인 | I50: 1. 회원관리 > 회원검색 2. 탈퇴회원 계정으로 검색 | K50: 탈퇴회원이 조회되지 않음 - 회원정보, 기프트카드, 문의, 상품후기, 상품Q&A, 보유쿠폰, 보유 포인트 삭제 확인(DB 확인 필요?)
B51: 12 | C51: A-RT | D51: IT-MB-008-012 | E51: 회원탈퇴 | F51: BO | G51: 상 | H51: 탈퇴회원의 정보 확인 | I51: 1. 고객응대관리 2. 탈퇴회원의 1:1문의, 고객의소리, 상품후기, 상품Q&A 정보 조회 | K51: 탈퇴회원의 AS, 문의, 상품Q&A, 이벤트내역 정보가 남겨져 있는지 확인 - 탈퇴한 회원의 계정이 구분되어 표시되는지 확인 - 문의정보는 3년간 보유 - 이벤트내역은 N일간 보유 (이벤트 참여내역 보유기간에 대한 정책 없음)
B52: 13 | C52: A-RT | D52: IT-MB-008-013 | E52: 회원탈퇴 | F52: BO | G52: 상 | H52: 탈퇴회원의 정보 확인 | I52: 1. 주문관리 > 주문관리 확인 2. 탈퇴회원의 거래내역이 있는 주문정보 조회 | K52: 탈퇴회원의 거래정보가 남겨져 있는지 확인(기프트카드, 쿠폰, 포인트 등 할인수단 내역 포함) - 탈퇴한 회원의 계정이 주문관리에서 구분되어 표시되는지 확인 - 거래정보는 5년간 보유
B53: 14 | C53: A-RT | D53: IT-MB-008-014 | E53: 회원탈퇴 | F53: BO | G53: 상 | H53: 탈퇴회원의 정보 확인 | I53: 1. 매출/정산/통계 > 각 통계화면 확인 2. 탈퇴회원의 거래내역이 있는 매출/정산/통계 정보 조회 | K53: 탈퇴회원의 매출/정산/통계가 남겨져 있는지 확인 - 거래정보는 5년간 보유
... B55: 16 | C55: A-RT | D55: IT-MB-008-016 | E55: 회원탈퇴 | F55: MO | G55: 상 | H55: 회원탈퇴 페이지 이동 | I55: 1. 로그인 > 마이페이지 2. 회원탈퇴 선택 | K55: 비밀번호 재확인 페이지 노출
B56: 17 | C56: A-RT | D56: IT-MB-008-017 | E56: 회원탈퇴 | F56: MO | G56: 상 | H56: 비밀번호 확인 | I56: 1. 로그인 > 마이페이지 2. 회원탈퇴 선택 > 비밀번호 입력 | J56: 비밀번호 입력 | K56: 비밀번호를 정확히 입력시 탈퇴 페이지로 이동
B57: 18 | C57: A-RT | D57: IT-MB-008-018 | E57: 회원탈퇴 | F57: MO | G57: 상 | H57: 정상 탈퇴 | I57: 1. 회원탈퇴 페이지 2. 탈퇴사유 선택 > 회원탈퇴 버튼 선택 | K57: 탈퇴불가 조건이 아닌 경우 탈퇴 완료 후 탈퇴 완료 페이지로 이동 - 탈퇴불가조건 : 주문중, AS신청, 클래임, - 탈퇴 Y/N 재확인 : 입금대기상태, 기프트카드존재
B58: 19 | C58: A-RT | D58: IT-MB-008-019 | E58: 회원탈퇴 | F58: MO | G58: 상 | H58: 탈퇴불가 사유별 확인 | I58: 1. 회원탈퇴 페이지 2. 주문중인 회원의 회원탈퇴 선택 | K58: 탈퇴불가 페이지 이동 - 주문중 상태 메시지 노출 확인
B59: 20 | C59: A-RT | D59: IT-MB-008-020 | E59: 회원탈퇴 | F59: MO | G59: 상 | H59: 탈퇴불가 사유별 확인 | I59: 1. 회원탈퇴 페이지 2. AS신청중 회원의 회원탈퇴 선택 | K59: 탈퇴불가 페이지 이동 - AS신청중 상태 메시지 노출 확인
B60: 21 | C60: A-RT | D60: IT-MB-008-021 | E60: 회원탈퇴 | F60: MO | G60: 상 | H60: 탈퇴불가 사유별 확인 | I60: 1. 회원탈퇴 페이지 2. 클래임 진행중 회원의 회원탈퇴 선택 | K60: 탈퇴불가 페이지 이동 - 클래임 진행중 상태 메시지 노출 확인
B61: 22 | C61: A-RT | D61: IT-MB-008-022 | E61: 회원탈퇴 | F61: MO | G61: 상 | H61: 탈퇴 재확인 | I61: 1. 회원탈퇴 페이지 2. 입금대기 상태 회원탈퇴 선택 | K61: 탈퇴 재확인 얼럿 노출 [취소] 현화면 유지 [확인] 회원탈퇴 완료 화면으로 이동
B62: 23 | C62: A-RT | D62: IT-MB-008-023 | E62: 회원탈퇴 | F62: MO | G62: 상 | H62: 탈퇴 재확인 | I62: 1. 회원탈퇴 페이지 2. 기프트카드 보유한 경우 회원탈퇴 선택 | K62: 탈퇴 재확인 얼럿 노출 - 보유 기프트 카드 번호 노출 [취소] 현화면 유지 [확인] 회원탈퇴 완료 화면으로 이동
B63: 24 | C63: A-RT | D63: IT-MB-008-024 | E63: 회원탈퇴 | F63: MO | G63: 중 | H63: 탈퇴완료 후 FO 확인 사항 | I63: 1. 회원탈퇴 완료 2. 로그인, 재 회원가입 테스트 | K63: - 탈퇴 이메일 발송 확인 - 14일 이내 재가입 불가 확인 - 재가입시 이전 아이디 가입불가 확인 - SNS연동 해제 확인
B64: 25 | C64: A-RT | D64: IT-MB-008-025 | E64: 회원탈퇴 | F64: MO | G64: 중 | H64: 탈퇴회원의 정보 확인 | I64: 1. 회원탈퇴 완료 2. 탈퇴회원의 문의, 상품후기, 상품Q&A, 탈퇴회원의 문의, 상품후기, 상품Q&A, 정보 조회 | K64: 탈퇴회원의 문의 및 후기 정보는 마스킹 처리(회원정보)되어 표시되는지 확인
B65: 26 | C65: A-RT | D65: IT-MB-008-026 | E65: 회원탈퇴 | F65: BO | G65: 상 | H65: 탈퇴회원의 정보 확인 | I65: 1. 회원관리 > 회원검색 2. 탈퇴회원 계정으로 검색 | K65: 탈퇴회원이 조회되지 않음 - 회원정보, 기프트카드, 문의, 상품후기, 상품Q&A, 보유쿠폰, 보유 포인트 삭제 확인(DB 확인 필요?)
B66: 27 | C66: A-RT | D66: IT-MB-008-027 | E66: 회원탈퇴 | F66: BO | G66: 상 | H66: 탈퇴회원의 정보 확인 | I66: 1. 고객응대관리 2. 탈퇴회원의 1:1문의, 고객의소리, 상품후기, 상품Q&A 정보 조회 | K66: 탈퇴회원의 AS, 문의, 상품Q&A, 이벤트내역 정보가 남겨져 있는지 확인 - 탈퇴한 회원의 계정이 구분되어 표시되는지 확인 - 문의정보는 3년간 보유 - 이벤트내역은 N일간 보유 (이벤트 참여내역 보유기간에 대한 정책 없음)
B67: 28 | C67: A-RT | D67: IT-MB-008-028 | E67: 회원탈퇴 | F67: BO | G67: 상 | H67: 탈퇴회원의 정보 확인 | I67: 1. 주문관리 > 주문관리 확인 2. 탈퇴회원의 거래내역이 있는 주문정보 조회 | K67: 탈퇴회원의 거래정보가 남겨져 있는지 확인(기프트카드, 쿠폰, 포인트 등 할인수단 내역 포함) - 탈퇴한 회원의 계정이 주문관리에서 구분되어 표시되는지 확인 - 거래정보는 5년간 보유
B68: 29 | C68: A-RT | D68: IT-MB-008-029 | E68: 회원탈퇴 | F68: BO | G68: 상 | H68: 탈퇴회원의 정보 확인 | I68: 1. 매출/정산/통계 > 각 통계화면 확인 2. 탈퇴회원의 거래내역이 있는 매출/정산/통계 정보 조회 | K68: 탈퇴회원의 매출/정산/통계가 남겨져 있는지 확인 - 거래정보는 5년간 보유
... B70: 31 | C70: OTS | D70: IT-MB-008-031 | E70: 회원탈퇴 | F70: FO | G70: 상 | H70: 회원탈퇴 페이지 이동 | I70: 1. 로그인 > 마이페이지 2. 회원탈퇴 선택 | K70: 비밀번호 재확인 페이지 노출
B71: 32 | C71: OTS | D71: IT-MB-008-032 | E71: 회원탈퇴 | F71: FO | G71: 상 | H71: 비밀번호 확인 | I71: 1. 로그인 > 마이페이지 2. 회원탈퇴 선택 > 비밀번호 입력 | J71: 비밀번호 입력 | K71: 비밀번호를 정확히 입력시 탈퇴 페이지로 이동
B72: 33 | C72: OTS | D72: IT-MB-008-033 | E72: 회원탈퇴 | F72: FO | G72: 상 | H72: 정상 탈퇴 | I72: 1. 회원탈퇴 페이지 2. 탈퇴사유 선택 > 회원탈퇴 버튼 선택 | K72: 탈퇴불가 조건이 아닌 경우 탈퇴 완료 후 탈퇴 완료 페이지로 이동 - 탈퇴불가조건 : 주문중, AS신청, 클래임, - 탈퇴 Y/N 재확인 : 입금대기상태, 기프트카드존재
B73: 34 | C73: OTS | D73: IT-MB-008-034 | E73: 회원탈퇴 | F73: FO | G73: 상 | H73: 탈퇴불가 사유별 확인 | I73: 1. 회원탈퇴 페이지 2. 주문중인 회원의 회원탈퇴 선택 | K73: 탈퇴불가 페이지 이동 - 주문중 상태 메시지 노출 확인
B74: 35 | C74: OTS | D74: IT-MB-008-035 | E74: 회원탈퇴 | F74: FO | G74: 상 | H74: 탈퇴불가 사유별 확인 | I74: 1. 회원탈퇴 페이지 2. AS신청중 회원의 회원탈퇴 선택 | K74: 탈퇴불가 페이지 이동 - AS신청중 상태 메시지 노출 확인
B75: 36 | C75: OTS | D75: IT-MB-008-036 | E75: 회원탈퇴 | F75: FO | G75: 상 | H75: 탈퇴불가 사유별 확인 | I75: 1. 회원탈퇴 페이지 2. 클래임 진행중 회원의 회원탈퇴 선택 | K75: 탈퇴불가 페이지 이동 - 클래임 진행중 상태 메시지 노출 확인
B76: 37 | C76: OTS | D76: IT-MB-008-037 | E76: 회원탈퇴 | F76: FO | G76: 상 | H76: 탈퇴 재확인 | I76: 1. 회원탈퇴 페이지 2. 입금대기 상태 회원탈퇴 선택 | K76: 탈퇴 재확인 얼럿 노출 [취소] 현화면 유지 [확인] 회원탈퇴 완료 화면으로 이동
B77: 38 | C77: OTS | D77: IT-MB-008-038 | E77: 회원탈퇴 | F77: FO | G77: 상 | H77: 탈퇴 재확인 | I77: 1. 회원탈퇴 페이지 2. 기프트카드 보유한 경우 회원탈퇴 선택 | K77: 탈퇴 재확인 얼럿 노출 - 보유 기프트 카드 번호 노출 [취소] 현화면 유지 [확인] 회원탈퇴 완료 화면으로 이동
B78: 39 | C78: OTS | D78: IT-MB-008-039 | E78: 회원탈퇴 | F78: FO | G78: 중 | H78: 탈퇴완료 후 FO 확인 사항 | I78: 1. 회원탈퇴 완료 2. 로그인, 재 회원가입 테스트 | K78: - 탈퇴 이메일 발송 확인 - 14일 이내 재가입 불가 확인 - 재가입시 이전 아이디 가입불가 확인 - SNS연동 해제 확인
B79: 40 | C79: OTS | D79: IT-MB-008-040 | E79: 회원탈퇴 | F79: FO | G79: 중 | H79: 탈퇴회원의 정보 확인 | I79: 1. 회원탈퇴 완료 2. 탈퇴회원의 문의, 상품후기, 상품Q&A, 탈퇴회원의 문의, 상품후기, 상품Q&A, 정보 조회 | K79: 탈퇴회원의 문의 및 후기 정보는 마스킹 처리(회원정보)되어 표시되는지 확인
B80: 41 | C80: OTS | D80: IT-MB-008-041 | E80: 회원탈퇴 | F80: BO | G80: 상 | H80: 탈퇴회원의 정보 확인 | I80: 1. 회원관리 > 회원검색 2. 탈퇴회원 계정으로 검색 | K80: 탈퇴회원이 조회되지 않음 - 회원정보, 기프트카드, 문의, 상품후기, 상품Q&A, 보유쿠폰, 보유 포인트 삭제 확인(DB 확인 필요?)
B81: 42 | C81: OTS | D81: IT-MB-008-042 | E81: 회원탈퇴 | F81: BO | G81: 상 | H81: 탈퇴회원의 정보 확인 | I81: 1. 고객응대관리 2. 탈퇴회원의 1:1문의, 고객의소리, 상품후기, 상품Q&A 정보 조회 | K81: 탈퇴회원의 AS, 문의, 상품Q&A, 이벤트내역 정보가 남겨져 있는지 확인 - 탈퇴한 회원의 계정이 구분되어 표시되는지 확인 - 문의정보는 3년간 보유 - 이벤트내역은 N일간 보유 (이벤트 참여내역 보유기간에 대한 정책 없음)
B82: 43 | C82: OTS | D82: IT-MB-008-043 | E82: 회원탈퇴 | F82: BO | G82: 상 | H82: 탈퇴회원의 정보 확인 | I82: 1. 주문관리 > 주문관리 확인 2. 탈퇴회원의 거래내역이 있는 주문정보 조회 | K82: 탈퇴회원의 거래정보가 남겨져 있는지 확인(기프트카드, 쿠폰, 포인트 등 할인수단 내역 포함) - 탈퇴한 회원의 계정이 주문관리에서 구분되어 표시되는지 확인 - 거래정보는 5년간 보유
B83: 44 | C83: OTS | D83: IT-MB-008-044 | E83: 회원탈퇴 | F83: BO | G83: 상 | H83: 탈퇴회원의 정보 확인 | I83: 1. 매출/정산/통계 > 각 통계화면 확인 2. 탈퇴회원의 거래내역이 있는 매출/정산/통계 정보 조회 | K83: 탈퇴회원의 매출/정산/통계가 남겨져 있는지 확인 - 거래정보는 5년간 보유
... B85: 46 | C85: OTS | D85: IT-MB-008-046 | E85: 회원탈퇴 | F85: MO | G85: 상 | H85: 회원탈퇴 페이지 이동 | I85: 1. 로그인 > 마이페이지 2. 회원탈퇴 선택 | K85: 비밀번호 재확인 페이지 노출
B86: 47 | C86: OTS | D86: IT-MB-008-047 | E86: 회원탈퇴 | F86: MO | G86: 상 | H86: 비밀번호 확인 | I86: 1. 로그인 > 마이페이지 2. 회원탈퇴 선택 > 비밀번호 입력 | J86: 비밀번호 입력 | K86: 비밀번호를 정확히 입력시 탈퇴 페이지로 이동
B87: 48 | C87: OTS | D87: IT-MB-008-048 | E87: 회원탈퇴 | F87: MO | G87: 상 | H87: 정상 탈퇴 | I87: 1. 회원탈퇴 페이지 2. 탈퇴사유 선택 > 회원탈퇴 버튼 선택 | K87: 탈퇴불가 조건이 아닌 경우 탈퇴 완료 후 탈퇴 완료 페이지로 이동 - 탈퇴불가조건 : 주문중, AS신청, 클래임, - 탈퇴 Y/N 재확인 : 입금대기상태, 기프트카드존재
B88: 49 | C88: OTS | D88: IT-MB-008-049 | E88: 회원탈퇴 | F88: MO | G88: 상 | H88: 탈퇴불가 사유별 확인 | I88: 1. 회원탈퇴 페이지 2. 주문중인 회원의 회원탈퇴 선택 | K88: 탈퇴불가 페이지 이동 - 주문중 상태 메시지 노출 확인
B89: 50 | C89: OTS | D89: IT-MB-008-050 | E89: 회원탈퇴 | F89: MO | G89: 상 | H89: 탈퇴불가 사유별 확인 | I89: 1. 회원탈퇴 페이지 2. AS신청중 회원의 회원탈퇴 선택 | K89: 탈퇴불가 페이지 이동 - AS신청중 상태 메시지 노출 확인
B90: 51 | C90: OTS | D90: IT-MB-008-051 | E90: 회원탈퇴 | F90: MO | G90: 상 | H90: 탈퇴불가 사유별 확인 | I90: 1. 회원탈퇴 페이지 2. 클래임 진행중 회원의 회원탈퇴 선택 | K90: 탈퇴불가 페이지 이동 - 클래임 진행중 상태 메시지 노출 확인
B91: 52 | C91: OTS | D91: IT-MB-008-052 | E91: 회원탈퇴 | F91: MO | G91: 상 | H91: 탈퇴 재확인 | I91: 1. 회원탈퇴 페이지 2. 입금대기 상태 회원탈퇴 선택 | K91: 탈퇴 재확인 얼럿 노출 [취소] 현화면 유지 [확인] 회원탈퇴 완료 화면으로 이동
B92: 53 | C92: OTS | D92: IT-MB-008-053 | E92: 회원탈퇴 | F92: MO | G92: 상 | H92: 탈퇴 재확인 | I92: 1. 회원탈퇴 페이지 2. 기프트카드 보유한 경우 회원탈퇴 선택 | K92: 탈퇴 재확인 얼럿 노출 - 보유 기프트 카드 번호 노출 [취소] 현화면 유지 [확인] 회원탈퇴 완료 화면으로 이동
B93: 54 | C93: OTS | D93: IT-MB-008-054 | E93: 회원탈퇴 | F93: MO | G93: 중 | H93: 탈퇴완료 후 FO 확인 사항 | I93: 1. 회원탈퇴 완료 2. 로그인, 재 회원가입 테스트 | K93: - 탈퇴 이메일 발송 확인 - 14일 이내 재가입 불가 확인 - 재가입시 이전 아이디 가입불가 확인 - SNS연동 해제 확인
B94: 55 | C94: OTS | D94: IT-MB-008-055 | E94: 회원탈퇴 | F94: MO | G94: 중 | H94: 탈퇴회원의 정보 확인 | I94: 1. 회원탈퇴 완료 2. 탈퇴회원의 문의, 상품후기, 상품Q&A, 탈퇴회원의 문의, 상품후기, 상품Q&A, 정보 조회 | K94: 탈퇴회원의 문의 및 후기 정보는 마스킹 처리(회원정보)되어 표시되는지 확인
B95: 56 | C95: OTS | D95: IT-MB-008-056 | E95: 회원탈퇴 | F95: BO | G95: 상 | H95: 탈퇴회원의 정보 확인 | I95: 1. 회원관리 > 회원검색 2. 탈퇴회원 계정으로 검색 | K95: 탈퇴회원이 조회되지 않음 - 회원정보, 기프트카드, 문의, 상품후기, 상품Q&A, 보유쿠폰, 보유 포인트 삭제 확인(DB 확인 필요?)
B96: 57 | C96: OTS | D96: IT-MB-008-057 | E96: 회원탈퇴 | F96: BO | G96: 상 | H96: 탈퇴회원의 정보 확인 | I96: 1. 고객응대관리 2. 탈퇴회원의 1:1문의, 고객의소리, 상품후기, 상품Q&A 정보 조회 | K96: 탈퇴회원의 AS, 문의, 상품Q&A, 이벤트내역 정보가 남겨져 있는지 확인 - 탈퇴한 회원의 계정이 구분되어 표시되는지 확인 - 문의정보는 3년간 보유 - 이벤트내역은 N일간 보유 (이벤트 참여내역 보유기간에 대한 정책 없음)
B97: 58 | C97: OTS | D97: IT-MB-008-058 | E97: 회원탈퇴 | F97: BO | G97: 상 | H97: 탈퇴회원의 정보 확인 | I97: 1. 주문관리 > 주문관리 확인 2. 탈퇴회원의 거래내역이 있는 주문정보 조회 | K97: 탈퇴회원의 거래정보가 남겨져 있는지 확인(기프트카드, 쿠폰, 포인트 등 할인수단 내역 포함) - 탈퇴한 회원의 계정이 주문관리에서 구분되어 표시되는지 확인 - 거래정보는 5년간 보유
B98: 59 | C98: OTS | D98: IT-MB-008-059 | E98: 회원탈퇴 | F98: BO | G98: 상 | H98: 탈퇴회원의 정보 확인 | I98: 1. 매출/정산/통계 > 각 통계화면 확인 2. 탈퇴회원의 거래내역이 있는 매출/정산/통계 정보 조회 | K98: 탈퇴회원의 매출/정산/통계가 남겨져 있는지 확인 - 거래정보는 5년간 보유
... B102: 63 | C102: OTS | D102: IT-MB-009-003 | E102: 휴면예정회원 | F102: BO | G102: 중 | H102: 휴면 예정회원 자동 탈퇴후 정보 확인 | I102: 1. 회원관리>회원검색 2. 탈퇴회원 계정으로 검색 | K102: 휴면예정회원의 자동 탈퇴시 탈퇴회원 정보확인 항목들의 사항이 동일하게 적용되는지 확인
